index,Mouse ID,Timepoint,Tumor Volume (mm3),Metastatic Sites,match,mouse,drug,Column1
b1280,b128,0,45,0,33,b128,Capomulin,Female
f9320,f932,0,45,0,101,f932,Ketapril,Male
g1070,g107,0,45,0,103,g107,Ketapril,Female
a4570,a457,0,45,0,57,a457,Ketapril,Female
c8190,c819,0,45,0,82,c819,Ketapril,Male
h2460,h246,0,45,0,110,h246,Ketapril,Male
p1890,p189,0,45,0,170,p189,Ketapril,Male
n9230,n923,0,45,0,155,n923,Ketapril,Male
q1190,q119,0,45,0,175,q119,Ketapril,Male
f9930,f993,0,45,0,102,f993,Naftisol,Male
z2340,z234,0,45,0,245,z234,Naftisol,Female
b5590,b559,0,45,0,69,b559,Naftisol,Male
y2600,y260,0,45,0,240,y260,Ketapril,Female
x9300,x930,0,45,0,238,x930,Naftisol,Male
o7250,o725,0,45,0,162,o725,Naftisol,Male
z9690,z969,0,45,0,250,z969,Naftisol,Male
v8350,v835,0,45,0,214,v835,Naftisol,Male
r6040,r604,0,45,0,184,r604,Naftisol,Male
n3040,n304,0,45,0,149,n304,Naftisol,Male
l7000,l700,0,45,0,139,l700,Naftisol,Female
x3360,x336,0,45,0,232,x336,Naftisol,Female
l7250,l725,0,45,0,140,l725,Naftisol,Female
m1330,m133,0,45,0,143,m133,Naftisol,Female
v2950,v295,0,45,0,207,v295,Naftisol,Female
a8180,a818,0,45,0,63,a818,Naftisol,Female
y6010,y601,0,45,0,242,y601,Naftisol,Female
t7240,t724,0,45,0,199,t724,Naftisol,Female
k3820,k382,0,45,0,125,k382,Ketapril,Male
w4220,w422,0,45,0,222,w422,Ketapril,Female
c3260,c326,0,45,0,76,c326,Infubinol,Female
c1390,c139,0,45,0,72,c139,Infubinol,Male
v3390,v339,0,45,0,208,v339,Infubinol,Male
a5770,a577,0,45,0,59,a577,Infubinol,Female
y1630,y163,0,45,0,239,y163,Infubinol,Female
k4830,k483,0,45,0,126,k483,Infubinol,Female
k8040,k804,0,45,0,130,k804,Infubinol,Female
o8090,o809,0,45,0,164,o809,Infubinol,Male
z5810,z581,0,45,0,248,z581,Infubinol,Female
a2510,a251,0,45,0,52,a251,Infubinol,Female
i3860,i386,0,45,0,114,i386,Infubinol,Female
c5800,c580,0,45,0,79,c580,Ketapril,Male
q1320,q132,0,45,0,176,q132,Infubinol,Female
u3270,u327,0,45,0,203,u327,Ketapril,Male
v6030,v603,0,45,0,210,v603,Ketapril,Female
f2780,f278,0,45,0,96,f278,Ketapril,Male
g4970,g497,0,45,0,105,g497,Ketapril,Male
d4740,d474,0,45,0,88,d474,Ketapril,Male
o9730,o973,0,45,0,168,o973,Ketapril,Female
c8320,c832,0,45,0,83,c832,Ketapril,Male
o3310,o331,0,45,0,159,o331,Ketapril,Male
m6500,m650,0,45,0,147,m650,Ketapril,Male
v2890,v289,0,45,0,206,v289,Ketapril,Female
m5500,m550,0,45,0,146,m550,Ketapril,Male
h4280,h428,0,45,0,112,h428,Ketapril,Female
r7010,r701,0,45,0,185,r701,Naftisol,Male
v1990,v199,0,45,0,205,v199,Naftisol,Female
x2640,x264,0,45,0,231,x264,Naftisol,Female
f2340,f234,0,45,0,95,f234,Stelasyn,Male
c4580,c458,0,45,0,31,c458,Ramicane,Female
q6100,q610,0,45,0,28,q610,Ramicane,Female
j9130,j913,0,45,0,11,j913,Ramicane,Female
a4110,a411,0,45,0,35,a411,Ramicane,Male
a4440,a444,0,45,0,46,a444,Ramicane,Female
d2510,d251,0,45,0,29,d251,Ramicane,Female
j9890,j989,0,45,0,21,j989,Ramicane,Male
y4490,y449,0,45,0,50,y449,Ramicane,Male
k4030,k403,0,45,0,2,k403,Ramicane,Male
c7580,c758,0,45,0,17,c758,Ramicane,Male
x4020,x402,0,45,0,233,x402,Stelasyn,Male
r8110,r811,0,45,0,25,r811,Ramicane,Male
a6440,a644,0,45,0,19,a644,Ramicane,Female
i1770,i177,0,45,0,20,i177,Ramicane,Male
g7910,g791,0,45,0,6,g791,Ramicane,Male
a5200,a520,0,45,0,23,a520,Ramicane,Male
u1960,u196,0,45,0,44,u196,Ramicane,Male
m5460,m546,0,45,0,9,m546,Ramicane,Male
w6780,w678,0,45,0,49,w678,Ramicane,Female
n3640,n364,0,45,0,13,n364,Ramicane,Male
s5080,s508,0,45,0,7,s508,Ramicane,Male
e6620,e662,0,45,0,43,e662,Ramicane,Male
z5780,z578,0,45,0,10,z578,Ramicane,Male
r9210,r921,0,45,0,48,r921,Ramicane,Female
a4920,a492,0,45,0,58,a492,Stelasyn,Male
w5400,w540,0,45,0,223,w540,Stelasyn,Female
v7640,v764,0,45,0,212,v764,Stelasyn,Female
z7950,z795,0,45,0,249,z795,Naftisol,Female
e2910,e291,0,45,0,91,e291,Naftisol,Female
e5840,e584,0,45,0,93,e584,Naftisol,Male
e2130,e213,0,45,0,89,e213,Naftisol,Male
j7550,j755,0,45,0,122,j755,Naftisol,Male
s5650,s565,0,45,0,193,s565,Stelasyn,Female
a3660,a366,0,45,0,55,a366,Stelasyn,Female
p3870,p387,0,45,0,172,p387,Stelasyn,Male
b8790,b879,0,45,0,71,b879,Stelasyn,Female
i9010,i901,0,45,0,118,i901,Stelasyn,Male
k8620,k862,0,45,0,131,k862,Stelasyn,Female
g8670,g867,0,45,0,108,g867,Stelasyn,Female
s6190,s619,0,45,0,194,s619,Stelasyn,Male
w6970,w697,0,45,0,226,w697,Stelasyn,Female
j9840,j984,0,45,0,123,j984,Stelasyn,Female
c4020,c402,0,45,0,77,c402,Stelasyn,Female
h3330,h333,0,45,0,111,h333,Stelasyn,Male
k5100,k510,0,45,0,127,k510,Stelasyn,Female
p9810,p981,0,45,0,174,p981,Stelasyn,Male
t4510,t451,0,45,0,196,t451,Stelasyn,Male
a9630,a963,0,45,0,65,a963,Stelasyn,Female
m2690,m269,0,45,0,144,m269,Stelasyn,Female
g9890,g989,0,45,0,109,g989,Propriva,Female
z3140,z314,0,45,0,246,z314,Stelasyn,Female
o8480,o848,0,45,0,166,o848,Stelasyn,Female
v7190,v719,0,45,0,211,v719,Infubinol,Female
q5970,q597,0,45,0,45,q597,Ramicane,Male
c8950,c895,0,45,0,84,c895,Infubinol,Female
a2030,a203,0,45,0,51,a203,Infubinol,Female
f3940,f394,0,45,0,98,f394,Zoniferol,Male
c2640,c264,0,45,0,73,c264,Zoniferol,Female
n9670,n967,0,45,0,156,n967,Zoniferol,Male
f5450,f545,0,45,0,100,f545,Zoniferol,Female
k8940,k894,0,45,0,132,k894,Zoniferol,Female
k7540,k754,0,45,0,129,k754,Zoniferol,Female
g2960,g296,0,45,0,104,g296,Zoniferol,Female
d1640,d164,0,45,0,87,d164,Zoniferol,Male
w5750,w575,0,45,0,224,w575,Zoniferol,Female
x6130,x613,0,45,0,235,x613,Zoniferol,Female
q6330,q633,0,45,0,180,q633,Zoniferol,Male
b3130,b313,0,45,0,66,b313,Zoniferol,Male
f1290,f129,0,45,0,94,f129,Zoniferol,Female
j3650,j365,0,45,0,121,j365,Zoniferol,Male
p1360,p136,0,45,0,169,p136,Zoniferol,Female
c5590,c559,0,45,0,78,c559,Zoniferol,Female
a7880,a788,0,45,0,62,a788,Zoniferol,Male
s3370,s337,0,45,0,192,s337,Zoniferol,Male
q5110,q511,0,45,0,178,q511,Zoniferol,Female
m3310,m331,0,45,0,145,m331,Zoniferol,Female
o9260,o926,0,45,0,167,o926,Zoniferol,Male
d1330,d133,0,45,0,86,d133,Zoniferol,Male
n6300,n630,0,45,0,151,n630,Propriva,Female
g9890,g989,0,45,0,109,g989,Propriva,Female
a4010,a401,0,45,0,56,a401,Zoniferol,Female
w3500,w350,0,45,0,221,w350,Propriva,Male
c3020,c302,0,45,0,75,c302,Zoniferol,Female
a8970,a897,0,45,0,64,a897,Placebo,Male
j2350,j235,0,45,0,119,j235,Placebo,Male
q7870,q787,0,45,0,181,q787,Placebo,Male
a2620,a262,0,45,0,53,a262,Placebo,Female
r8500,r850,0,45,0,186,r850,Placebo,Male
i6690,i669,0,45,0,117,i669,Placebo,Female
n7630,n763,0,45,0,154,n763,Placebo,Female
s1520,s152,0,45,0,189,s152,Placebo,Female
c7660,c766,0,45,0,81,c766,Placebo,Female
e2270,e227,0,45,0,90,e227,Placebo,Male
c2820,c282,0,45,0,74,c282,Placebo,Male
v9890,v989,0,45,0,215,v989,Placebo,Male
w1400,w140,0,45,0,217,w140,Zoniferol,Female
v4090,v409,0,45,0,209,v409,Placebo,Female
l8720,l872,0,45,0,142,l872,Placebo,Male
o7950,o795,0,45,0,163,o795,Placebo,Female
y4780,y478,0,45,0,241,y478,Placebo,Female
q5820,q582,0,45,0,179,q582,Placebo,Male
s1660,s166,0,45,0,190,s166,Placebo,Male
x7730,x773,0,45,0,236,x773,Placebo,Female
w1670,w167,0,45,0,219,w167,Placebo,Female
t7180,t718,0,45,0,198,t718,Placebo,Female
o3020,o302,0,45,0,158,o302,Placebo,Female
i4770,i477,0,45,0,115,i477,Placebo,Female
c7570,c757,0,45,0,80,c757,Placebo,Male
t9940,t994,0,45,0,200,t994,Placebo,Male
p3100,p310,0,45,0,171,p310,Propriva,Male
a6990,a699,0,45,0,61,a699,Propriva,Female
k6030,k603,0,45,0,128,k603,Propriva,Male
x8220,x822,0,45,0,237,x822,Ceftamin,Male
l5580,l558,0,45,0,137,l558,Ceftamin,Female
l7330,l733,0,45,0,141,l733,Ceftamin,Female
f4360,f436,0,45,0,99,f436,Ceftamin,Female
l4900,l490,0,45,0,136,l490,Ceftamin,Male
b7590,b759,0,45,0,70,b759,Ceftamin,Female
l4710,l471,0,45,0,135,l471,Ceftamin,Female
y8650,y865,0,45,0,244,y865,Ceftamin,Male
y7690,y769,0,45,0,243,y769,Ceftamin,Female
l6610,l661,0,45,0,138,l661,Ceftamin,Male
j2960,j296,0,45,0,120,j296,Ceftamin,Female
u1490,u149,0,45,0,201,u149,Ceftamin,Male
u1530,u153,0,45,0,202,u153,Ceftamin,Female
w1510,w151,0,45,0,218,w151,Ceftamin,Male
h5310,h531,0,45,0,113,h531,Ceftamin,Male
a6850,a685,0,45,0,60,a685,Infubinol,Male
o8130,o813,0,45,0,165,o813,Infubinol,Male
m7560,m756,0,45,0,148,m756,Infubinol,Male
n6710,n671,0,45,0,152,n671,Infubinol,Male
s1210,s121,0,45,0,187,s121,Infubinol,Male
v7660,v766,0,45,0,213,v766,Infubinol,Male
w1930,w193,0,45,0,220,w193,Infubinol,Male
e4760,e476,0,45,0,92,e476,Infubinol,Male
w5840,w584,0,45,0,225,w584,Infubinol,Male
b4470,b447,0,45,0,67,b447,Ceftamin,Male
k2100,k210,0,45,0,124,k210,Ceftamin,Male
a2750,a275,0,45,0,54,a275,Ceftamin,Female
x5810,x581,0,45,0,234,x581,Ceftamin,Female
n4820,n482,0,45,0,150,n482,Propriva,Female
t1980,t198,0,45,0,195,t198,Propriva,Male
l2150,l215,0,45,0,133,l215,Propriva,Male
s1410,s141,0,45,0,188,s141,Propriva,Male
o5230,o523,0,45,0,160,o523,Propriva,Female
i6350,i635,0,45,0,116,i635,Propriva,Male
w7460,w746,0,45,0,227,w746,Propriva,Male
r1070,r107,0,45,0,182,r107,Propriva,Female
s1870,s187,0,45,0,191,s187,Propriva,Male
g5700,g570,0,45,0,107,g570,Propriva,Male
x2090,x209,0,45,0,229,x209,Propriva,Female
x1110,x111,0,45,0,228,x111,Propriva,Female
z4350,z435,0,45,0,247,z435,Propriva,Female
n6780,n678,0,45,0,153,n678,Propriva,Male
g5580,g558,0,45,0,106,g558,Propriva,Male
u9460,u946,0,45,0,204,u946,Propriva,Male
o5620,o562,0,45,0,161,o562,Propriva,Female
v9910,v991,0,45,0,216,v991,Propriva,Female
c9270,c927,0,45,0,85,c927,Propriva,Female
x2260,x226,0,45,0,230,x226,Ceftamin,Male
p4380,p438,0,45,0,173,p438,Ceftamin,Female
b4870,b487,0,45,0,68,b487,Ceftamin,Female
o2870,o287,0,45,0,157,o287,Ceftamin,Male
q4830,q483,0,45,0,177,q483,Ceftamin,Male
t5730,t573,0,45,0,197,t573,Ceftamin,Female
f3450,f345,0,45,0,97,f345,Infubinol,Male
i3340,i334,0,45,0,27,i334,Ramicane,Female
l2640,l264,0,45,0,134,l264,Ketapril,Female
j2460,j246,0,45,0,34,j246,Capomulin,Female
r5540,r554,0,45,0,15,r554,Capomulin,Female
s1850,s185,0,45,0,3,s185,Capomulin,Female
b7420,b742,0,45,0,32,b742,Capomulin,Male
x4010,x401,0,45,0,4,x401,Capomulin,Female
l5090,l509,0,45,0,41,l509,Capomulin,Male
s7100,s710,0,45,0,40,s710,Capomulin,Female
r1570,r157,0,45,0,183,r157,Capomulin,Male
u3640,u364,0,45,0,12,u364,Capomulin,Male
j1190,j119,0,45,0,36,j119,Capomulin,Female
v9230,v923,0,45,0,38,v923,Capomulin,Female
w9140,w914,0,45,0,24,w914,Capomulin,Male
i7380,i738,0,45,0,22,i738,Capomulin,Female
r9440,r944,0,45,0,42,r944,Capomulin,Male
y7930,y793,0,45,0,14,y793,Capomulin,Male
g3160,g316,0,45,0,39,g316,Capomulin,Female
g2880,g288,0,45,0,26,g288,Capomulin,Male
l8970,l897,0,45,0,30,l897,Capomulin,Male
w1500,w150,0,45,0,37,w150,Capomulin,Male
t5650,t565,0,45,0,18,t565,Capomulin,Female
i5570,i557,0,45,0,47,i557,Capomulin,Female
m9570,m957,0,45,0,16,m957,Capomulin,Female
f9660,f966,0,45,0,8,f966,Capomulin,Male
m6010,m601,0,45,0,5,m601,Capomulin,Male
a2755,a275,5,46.79525728,0,54,a275,Ceftamin,Female
w5755,w575,5,48.91385977,1,224,w575,Zoniferol,Female
x8225,x822,5,45.67110442,1,237,x822,Ceftamin,Male
l5095,l509,5,45.85119285,0,41,l509,Capomulin,Male
n3045,n304,5,46.43121629,0,149,n304,Naftisol,Male
d1645,d164,5,46.61767061,0,87,d164,Zoniferol,Male
l8975,l897,5,45.46224327,0,30,l897,Capomulin,Male
l5585,l558,5,45.80908882,0,137,l558,Ceftamin,Female
g2965,g296,5,46.59323337,0,104,g296,Zoniferol,Female
c4585,c458,5,45.72227949,0,31,c458,Ramicane,Female
a4015,a401,5,46.11198591,0,56,a401,Zoniferol,Female
l7005,l700,5,45.91837165,0,139,l700,Naftisol,Female
f2345,f234,5,47.31349062,0,95,f234,Stelasyn,Male
x6135,x613,5,46.09704058,0,235,x613,Zoniferol,Female
u1495,u149,5,45.79206792,0,201,u149,Ceftamin,Male
k2105,k210,5,47.91899771,0,124,k210,Ceftamin,Male
x4025,x402,5,46.32757027,1,233,x402,Stelasyn,Male
q6105,q610,5,45.62949421,0,28,q610,Ramicane,Female
x5815,x581,5,47.1969266,0,234,x581,Ceftamin,Female
a4925,a492,5,46.40914339,0,58,a492,Stelasyn,Male
m1335,m133,5,46.62130127,0,143,m133,Naftisol,Female
l7255,l725,5,48.73631881,1,140,l725,Naftisol,Female
q6335,q633,5,47.18380215,0,180,q633,Zoniferol,Male
f1295,f129,5,47.00059399,0,94,f129,Zoniferol,Female
q4835,q483,5,46.77681624,1,177,q483,Ceftamin,Male
a4445,a444,5,44.00597487,0,46,a444,Ramicane,Female
v8355,v835,5,47.15601071,0,214,v835,Naftisol,Male
r6045,r604,5,47.06774448,1,184,r604,Naftisol,Male
f3945,f394,5,47.03309963,0,98,f394,Zoniferol,Male
y8655,y865,5,46.73500592,1,244,y865,Ceftamin,Male
d2515,d251,5,41.74635495,1,29,d251,Ramicane,Female
b3135,b313,5,47.15443254,0,66,b313,Zoniferol,Male
y7695,y769,5,46.42265176,1,243,y769,Ceftamin,Female
z2345,z234,5,46.12935706,1,245,z234,Naftisol,Female
b5595,b559,5,47.40989731,0,69,b559,Naftisol,Male
f9935,f993,5,46.39575966,0,102,f993,Naftisol,Male
q1195,q119,5,47.86444,0,175,q119,Ketapril,Male
j9895,j989,5,45.62071835,1,21,j989,Ramicane,Male
w1505,w150,5,39.20212894,0,37,w150,Capomulin,Male
n9235,n923,5,45.82488099,0,155,n923,Ketapril,Male
y4495,y449,5,45.87754494,0,50,y449,Ramicane,Male
l6615,l661,5,46.26879904,0,138,l661,Ceftamin,Male
c3025,c302,5,47.69067986,1,75,c302,Zoniferol,Female
c2645,c264,5,45.79170389,0,73,c264,Zoniferol,Female
l4715,l471,5,46.25187204,0,135,l471,Ceftamin,Female
x9305,x930,5,46.07823375,0,238,x930,Naftisol,Male
k7545,k754,5,45.7277604,0,129,k754,Zoniferol,Female
f4365,f436,5,46.37079759,1,99,f436,Ceftamin,Female
v2955,v295,5,46.11181797,1,207,v295,Naftisol,Female
j9135,j913,5,44.01490022,0,11,j913,Ramicane,Female
s7105,s710,5,43.1809774,0,40,s710,Capomulin,Female
z9695,z969,5,49.33299873,0,250,z969,Naftisol,Male
k8945,k894,5,47.64568674,0,132,k894,Zoniferol,Female
l4905,l490,5,45.61253918,1,136,l490,Ceftamin,Male
b7595,b759,5,48.00919049,0,70,b759,Ceftamin,Female
a4115,a411,5,45.46667714,0,35,a411,Ramicane,Male
f5455,f545,5,46.56581263,0,100,f545,Zoniferol,Female
o7255,o725,5,46.88982098,0,162,o725,Naftisol,Male
y6015,y601,5,48.47500273,1,242,y601,Naftisol,Female
w9145,w914,5,45.89372032,0,24,w914,Capomulin,Male
n9675,n967,5,46.07719173,1,156,n967,Zoniferol,Male
l7335,l733,5,46.17422627,0,141,l733,Ceftamin,Female
m6015,m601,5,41.40859145,1,5,m601,Capomulin,Male
b4875,b487,5,46.21397739,0,68,b487,Ceftamin,Female
o2875,o287,5,45.58680362,0,157,o287,Ceftamin,Male
p3105,p310,5,46.55853236,1,171,p310,Propriva,Male
r1075,r107,5,48.51342027,0,182,r107,Propriva,Female
s5655,s565,5,48.24255218,0,193,s565,Stelasyn,Female
w3505,w350,5,48.23211311,0,221,w350,Propriva,Male
s1875,s187,5,47.57671761,1,191,s187,Propriva,Male
j9845,j984,5,48.41072109,1,123,j984,Stelasyn,Female
w6975,w697,5,48.30182261,1,226,w697,Stelasyn,Female
j7555,j755,5,47.24284357,0,122,j755,Naftisol,Male
g5705,g570,5,47.65642436,1,107,g570,Propriva,Male
u3645,u364,5,45.76088647,1,12,u364,Capomulin,Male
x2095,x209,5,46.75426887,0,229,x209,Propriva,Female
c4025,c402,5,49.3426301,1,77,c402,Stelasyn,Female
b7425,b742,5,41.53409702,0,32,b742,Capomulin,Male
n6305,n630,5,46.09909969,0,151,n630,Propriva,Female
g9895,g989,5,48.78680146,0,109,g989,Propriva,Female
e2135,e213,5,45.69925018,1,89,e213,Naftisol,Male
a3665,a366,5,48.95136773,0,55,a366,Stelasyn,Female
w7465,w746,5,49.45327005,0,227,w746,Propriva,Male
s1415,s141,5,45.83113434,0,188,s141,Propriva,Male
i9015,i901,5,46.49302392,0,118,i901,Stelasyn,Male
t1985,t198,5,47.46126052,0,195,t198,Propriva,Male
b8795,b879,5,49.15615628,1,71,b879,Stelasyn,Female
k6035,k603,5,46.04211582,0,128,k603,Propriva,Male
o5235,o523,5,45.54470008,0,160,o523,Propriva,Female
v9235,v923,5,45.70443431,0,38,v923,Capomulin,Female
f9665,f966,5,38.79647373,0,8,f966,Capomulin,Male
p3875,p387,5,48.66763075,0,172,p387,Stelasyn,Male
g8675,g867,5,46.88074916,0,108,g867,Stelasyn,Female
i6355,i635,5,47.23593715,0,116,i635,Propriva,Male
s6195,s619,5,46.60226878,0,194,s619,Stelasyn,Male
a6995,a699,5,46.55308986,0,61,a699,Propriva,Female
q1325,q132,5,46.7163985,1,176,q132,Infubinol,Female
k8625,k862,5,49.20305786,0,131,k862,Stelasyn,Female
h3335,h333,5,45.75172728,0,111,h333,Stelasyn,Male
x4015,x401,5,45.47375302,0,4,x401,Capomulin,Female
o9265,o926,5,46.76116373,0,167,o926,Zoniferol,Male
c9275,c927,5,46.35184205,0,85,c927,Propriva,Female
c5595,c559,5,46.56263793,0,78,c559,Zoniferol,Female
r7015,r701,5,46.88697137,0,185,r701,Naftisol,Male
j1195,j119,5,45.83899787,0,36,j119,Capomulin,Female
p4385,p438,5,46.82793418,0,173,p438,Ceftamin,Female
m2695,m269,5,49.0111801,0,144,m269,Stelasyn,Female
a9635,a963,5,46.23350581,0,65,a963,Stelasyn,Female
p1365,p136,5,49.27397096,0,169,p136,Zoniferol,Female
t7245,t724,5,46.35925829,0,199,t724,Naftisol,Female
g9895,g989,5,47.57039208,0,109,g989,Propriva,Female
z3145,z314,5,45.93471217,0,246,z314,Stelasyn,Female
a8185,a818,5,45.69670864,0,63,a818,Naftisol,Female
v7645,v764,5,47.05418474,0,212,v764,Stelasyn,Female
j3655,j365,5,46.7112611,0,121,j365,Zoniferol,Male
i5575,i557,5,42.2616653,0,47,i557,Capomulin,Female
x2645,x264,5,47.0384145,0,231,x264,Naftisol,Female
v9915,v991,5,49.21432799,1,216,v991,Propriva,Female
a7885,a788,5,47.00658024,0,62,a788,Zoniferol,Male
x1115,x111,5,46.94101498,1,228,x111,Propriva,Female
k5105,k510,5,46.6084671,0,127,k510,Stelasyn,Female
z4355,z435,5,47.11597963,0,247,z435,Propriva,Female
e5845,e584,5,45.6569785,0,93,e584,Naftisol,Male
m3315,m331,5,45.52301371,1,145,m331,Zoniferol,Female
n6785,n678,5,47.55428429,0,153,n678,Propriva,Male
p9815,p981,5,47.00062717,0,174,p981,Stelasyn,Male
g5585,g558,5,46.18874193,0,106,g558,Propriva,Male
e2915,e291,5,46.14250486,0,91,e291,Naftisol,Female
q5115,q511,5,45.83265378,0,178,q511,Zoniferol,Female
u9465,u946,5,45.9918078,1,204,u946,Propriva,Male
z7955,z795,5,46.83347493,0,249,z795,Naftisol,Female
t4515,t451,5,48.04713882,0,196,t451,Stelasyn,Male
s3375,s337,5,46.84985157,0,192,s337,Zoniferol,Male
o5625,o562,5,46.51495016,1,161,o562,Propriva,Female
w5405,w540,5,45.88537038,1,223,w540,Stelasyn,Female
w1405,w140,5,47.71795156,0,217,w140,Zoniferol,Female
l2155,l215,5,49.48194935,1,133,l215,Propriva,Male
y7935,y793,5,41.01991315,0,14,y793,Capomulin,Male
n7635,n763,5,46.08598142,0,154,n763,Placebo,Female
a2035,a203,5,48.5084684,0,51,a203,Infubinol,Female
w5845,w584,5,46.05193075,0,225,w584,Infubinol,Male
y1635,y163,5,48.28497016,0,239,y163,Infubinol,Female
o9735,o973,5,46.71787727,0,168,o973,Ketapril,Female
o7955,o795,5,46.76092721,1,163,o795,Placebo,Female
w4225,w422,5,48.45745927,0,222,w422,Ketapril,Female
e6625,e662,5,45.81628252,0,43,e662,Ramicane,Male
g7915,g791,5,45.85153062,0,6,g791,Ramicane,Male
c5805,c580,5,46.6284548,0,79,c580,Ketapril,Male
e4765,e476,5,47.11180113,0,92,e476,Infubinol,Male
k4835,k483,5,46.61105571,0,126,k483,Infubinol,Female
y4785,y478,5,48.64107818,1,241,y478,Placebo,Female
i6695,i669,5,46.76466824,1,117,i669,Placebo,Female
d4745,d474,5,45.91835225,0,88,d474,Ketapril,Male
w1935,w193,5,45.49385802,0,220,w193,Infubinol,Male
q5825,q582,5,45.95539895,1,179,q582,Placebo,Male
s1665,s166,5,47.18678778,0,190,s166,Placebo,Male
o3315,o331,5,47.05966408,1,159,o331,Ketapril,Male
k3825,k382,5,46.27499735,1,125,k382,Ketapril,Male
k8045,k804,5,48.26620364,0,130,k804,Infubinol,Female
r8505,r850,5,46.86291194,0,186,r850,Placebo,Male
g3165,g316,5,44.02275246,0,39,g316,Capomulin,Female
v7665,v766,5,48.15125091,1,213,v766,Infubinol,Male
g4975,g497,5,48.78206878,0,105,g497,Ketapril,Male
a5205,a520,5,38.72370695,0,23,a520,Ramicane,Male
x7735,x773,5,45.8508307,1,236,x773,Placebo,Female
m5505,m550,5,49.05409736,1,146,m550,Ketapril,Male
t9945,t994,5,47.8914871,0,200,t994,Placebo,Male
n3645,n364,5,45.52187471,0,13,n364,Ramicane,Male
l2645,l264,5,46.66876646,0,134,l264,Ketapril,Female
e2275,e227,5,47.23801112,0,90,e227,Placebo,Male
c3265,c326,5,36.3213458,0,76,c326,Infubinol,Female
r1575,r157,5,45.59706359,0,183,r157,Capomulin,Male
c7665,c766,5,47.31305537,0,81,c766,Placebo,Female
v7195,v719,5,47.18836325,0,211,v719,Infubinol,Female
w6785,w678,5,43.16637266,0,49,w678,Ramicane,Female
c1395,c139,5,48.75311208,0,72,c139,Infubinol,Male
m5465,m546,5,42.99887638,0,9,m546,Ramicane,Male
v3395,v339,5,46.25011212,0,208,v339,Infubinol,Male
s1525,s152,5,47.4590529,1,189,s152,Placebo,Female
m6505,m650,5,48.56249492,1,147,m650,Ketapril,Male
c2825,c282,5,45.72568973,0,74,c282,Placebo,Male
v9895,v989,5,48.85813451,0,215,v989,Placebo,Male
r9445,r944,5,45.73714484,0,42,r944,Capomulin,Male
r5545,r554,5,45.78174579,1,15,r554,Capomulin,Female
c8955,c895,5,45.47754399,0,84,c895,Infubinol,Female
v4095,v409,5,46.22079642,0,209,v409,Placebo,Female
u1965,u196,5,45.55746444,1,44,u196,Ramicane,Male
c8325,c832,5,48.68546123,1,83,c832,Ketapril,Male
v2895,v289,5,46.20446003,0,206,v289,Ketapril,Female
a8975,a897,5,45.69112405,1,64,a897,Placebo,Male
f3455,f345,5,45.5911466,0,97,f345,Infubinol,Male
s5085,s508,5,38.71187185,0,7,s508,Ramicane,Male
a5775,a577,5,46.1977199,1,59,a577,Infubinol,Female
z5785,z578,5,42.18878662,0,10,z578,Ramicane,Male
i1775,i177,5,44.06539783,0,20,i177,Ramicane,Male
a6445,a644,5,45.55015754,0,19,a644,Ramicane,Female
c7575,c757,5,47.78327981,0,80,c757,Placebo,Male
s1855,s185,5,43.87849569,0,3,s185,Capomulin,Female
i7385,i738,5,45.59568527,0,22,i738,Capomulin,Female
m7565,m756,5,47.01036401,1,148,m756,Infubinol,Male
o8135,o813,5,45.69933088,0,165,o813,Infubinol,Male
j2465,j246,5,45.64143788,0,34,j246,Capomulin,Female
a6855,a685,5,46.87048256,0,60,a685,Infubinol,Male
r8115,r811,5,45.62580225,0,25,r811,Ramicane,Male
h2465,h246,5,49.47041702,0,110,h246,Ketapril,Male
q5975,q597,5,45.76611104,0,45,q597,Ramicane,Male
a2515,a251,5,46.98212719,0,52,a251,Infubinol,Female
q7875,q787,5,47.11661587,0,181,q787,Placebo,Male
c7585,c758,5,45.5786783,0,17,c758,Ramicane,Male
u3275,u327,5,45.69418805,0,203,u327,Ketapril,Male
t5655,t565,5,45.8956472,0,18,t565,Capomulin,Female
c8195,c819,5,45.76924864,1,82,c819,Ketapril,Male
o3025,o302,5,48.93701188,0,158,o302,Placebo,Female
h5315,h531,5,47.7846818,0,113,h531,Ceftamin,Male
i4775,i477,5,46.65738471,0,115,i477,Placebo,Female
w1515,w151,5,45.54607595,1,218,w151,Ceftamin,Male
y2605,y260,5,46.79983867,0,240,y260,Ketapril,Female
r9215,r921,5,45.56821083,0,48,r921,Ramicane,Female
a4575,a457,5,47.462891,0,57,a457,Ketapril,Female
j2965,j296,5,46.79925591,1,120,j296,Ceftamin,Female
w1675,w167,5,48.78627194,0,219,w167,Placebo,Female
a2625,a262,5,48.71756819,1,53,a262,Placebo,Female
b1285,b128,5,45.65133131,0,33,b128,Capomulin,Female
n6715,n671,5,47.35388938,0,152,n671,Infubinol,Male
g2885,g288,5,45.83939976,0,26,g288,Capomulin,Male
v6035,v603,5,46.01600593,0,210,v603,Ketapril,Female
i3345,i334,5,41.02051821,0,27,i334,Ramicane,Female
k4035,k403,5,38.82589807,0,2,k403,Ramicane,Male
p1895,p189,5,49.04870704,1,170,p189,Ketapril,Male
o8095,o809,5,46.87724316,0,164,o809,Infubinol,Male
g1075,g107,5,48.79166496,0,103,g107,Ketapril,Female
t7185,t718,5,45.92125272,1,198,t718,Placebo,Female
i3865,i386,5,46.85369669,1,114,i386,Infubinol,Female
s1215,s121,5,45.63566174,1,187,s121,Infubinol,Male
z5815,z581,5,49.27309187,1,248,z581,Infubinol,Female
f2785,f278,5,48.19457788,0,96,f278,Ketapril,Male
j2355,j235,5,46.58881978,0,119,j235,Placebo,Male
m9575,m957,5,45.62238149,1,16,m957,Capomulin,Female
e29110,e291,10,48.52974125,1,91,e291,Naftisol,Female
u94610,u946,10,46.73050592,1,204,u946,Propriva,Male
g55810,g558,10,50.09475382,0,106,g558,Propriva,Male
i38610,i386,10,49.86154739,2,114,i386,Infubinol,Female
e58410,e584,10,47.25064148,0,93,e584,Naftisol,Male
o52310,o523,10,47.0810859,1,160,o523,Propriva,Female
i63510,i635,10,48.68575605,1,116,i635,Propriva,Male
b87910,b879,10,50.33894583,1,71,b879,Stelasyn,Female
u32710,u327,10,49.23525948,0,203,u327,Ketapril,Male
n67810,n678,10,49.14570866,1,153,n678,Propriva,Male
r55410,r554,10,39.0054935,2,15,r554,Capomulin,Female
z43510,z435,10,48.71066147,0,247,z435,Propriva,Female
s56510,s565,10,52.7775271,0,193,s565,Stelasyn,Female
g49710,g497,10,49.6470865,0,105,g497,Ketapril,Male
s18710,s187,10,48.14635121,1,191,s187,Propriva,Male
o80910,o809,10,48.6707318,0,164,o809,Infubinol,Male
z58110,z581,10,50.47875016,2,248,z581,Infubinol,Female
r10710,r107,10,49.18601052,0,182,r107,Propriva,Female
k80410,k804,10,49.47124419,0,130,k804,Infubinol,Female
a36610,a366,10,53.52399007,0,55,a366,Stelasyn,Female
j75510,j755,10,48.16706083,0,122,j755,Naftisol,Male
g57010,g570,10,49.18823167,1,107,g570,Propriva,Male
d47410,d474,10,46.97496297,0,88,d474,Ketapril,Male
c83210,c832,10,49.81141262,1,83,c832,Ketapril,Male
x20910,x209,10,48.92989543,0,229,x209,Propriva,Female
u36410,u364,10,46.56841719,2,12,u364,Capomulin,Male
k48310,k483,10,50.29604123,1,126,k483,Infubinol,Female
o97310,o973,10,48.24579043,0,168,o973,Ketapril,Female
y16310,y163,10,49.1123991,1,239,y163,Infubinol,Female
e21310,e213,10,47.3915712,2,89,e213,Naftisol,Male
a25110,a251,10,48.59117901,1,52,a251,Infubinol,Female
p38710,p387,10,53.36296294,0,172,p387,Stelasyn,Male
v92310,v923,10,39.84822328,0,38,v923,Capomulin,Female
x11110,x111,10,49.12296898,1,228,x111,Propriva,Female
a57710,a577,10,49.5096389,1,59,a577,Infubinol,Female
g28810,g288,10,46.30400254,1,26,g288,Capomulin,Male
v60310,v603,10,47.8305568,0,210,v603,Ketapril,Female
c13910,c139,10,49.99295391,0,72,c139,Infubinol,Male
j29610,j296,10,48.52997762,2,120,j296,Ceftamin,Female
o33110,o331,10,50.12845481,1,159,o331,Ketapril,Male
b75910,b759,10,49.13335499,0,70,b759,Ceftamin,Female
l49010,l490,10,47.25960594,1,136,l490,Ceftamin,Male
z96910,z969,10,52.65608148,1,250,z969,Naftisol,Male
n67110,n671,10,51.03935653,0,152,n671,Infubinol,Male
g10710,g107,10,53.43598668,0,103,g107,Ketapril,Female
v83510,v835,10,48.96591797,0,214,v835,Naftisol,Male
s71010,s710,10,43.68802627,0,40,s710,Capomulin,Female
s12110,s121,10,49.04883479,1,187,s121,Infubinol,Male
f43610,f436,10,48.14697758,2,99,f436,Ceftamin,Female
r60410,r604,10,48.78655957,1,184,r604,Naftisol,Male
l73310,l733,10,48.35495154,0,141,l733,Ceftamin,Female
l50910,l509,10,46.75907363,0,41,l509,Capomulin,Male
y26010,y260,10,48.08180678,1,240,y260,Ketapril,Female
v76610,v766,10,50.36310988,1,213,v766,Infubinol,Male
n30410,n304,10,47.20125097,0,149,n304,Naftisol,Male
a45710,a457,10,49.78341894,0,57,a457,Ketapril,Female
l55810,l558,10,46.78453491,0,137,l558,Ceftamin,Female
o72510,o725,10,48.199452,0,162,o725,Naftisol,Male
c81910,c819,10,46.65839527,1,82,c819,Ketapril,Male
i73810,i738,10,43.42101414,0,22,i738,Capomulin,Female
n92310,n923,10,48.79194986,1,155,n923,Ketapril,Male
p18910,p189,10,51.58216168,2,170,p189,Ketapril,Male
q11910,q119,10,51.23660557,0,175,q119,Ketapril,Male
l66110,l661,10,49.68361956,0,138,l661,Ceftamin,Male
f99310,f993,10,48.18537323,0,102,f993,Naftisol,Male
m95710,m957,10,46.4145177,1,16,m957,Capomulin,Female
h24610,h246,10,51.36886216,1,110,h246,Ketapril,Male
w15110,w151,10,46.50147609,1,218,w151,Ceftamin,Male
y76910,y769,10,48.01516261,1,243,y769,Ceftamin,Female
y86510,y865,10,49.52273955,1,244,y865,Ceftamin,Male
b55910,b559,10,48.03643202,0,69,b559,Naftisol,Male
s14110,s141,10,47.23569156,0,188,s141,Propriva,Male
l47110,l471,10,48.18206306,0,135,l471,Ceftamin,Female
x93010,x930,10,50.26069441,0,238,x930,Naftisol,Male
a68510,a685,10,47.66475264,0,60,a685,Infubinol,Male
w19310,w193,10,48.34655046,0,220,w193,Infubinol,Male
x82210,x822,10,48.98371668,1,237,x822,Ceftamin,Male
k38210,k382,10,50.18096763,1,125,k382,Ketapril,Male
v28910,v289,10,48.13348207,0,206,v289,Ketapril,Female
b48710,b487,10,47.6643871,0,68,b487,Ceftamin,Female
c89510,c895,10,49.77901542,0,84,c895,Infubinol,Female
t72410,t724,10,50.70389965,0,199,t724,Naftisol,Female
j11910,j119,10,46.42536551,0,36,j119,Capomulin,Female
p43810,p438,10,50.51749789,0,173,p438,Ceftamin,Female
r70110,r701,10,49.65459636,0,185,r701,Naftisol,Male
m65010,m650,10,50.96899763,1,147,m650,Ketapril,Male
i55710,i557,10,42.99207658,0,47,i557,Capomulin,Female
v71910,v719,10,51.49705412,1,211,v719,Infubinol,Female
c92710,c927,10,50.96529767,1,85,c927,Propriva,Female
x26410,x264,10,47.88712765,1,231,x264,Naftisol,Female
v99110,v991,10,52.6449057,1,216,v991,Propriva,Female
l26410,l264,10,50.65958094,0,134,l264,Ketapril,Female
o56210,o562,10,47.14767002,1,161,o562,Propriva,Female
f34510,f345,10,47.22244619,0,97,f345,Infubinol,Male
a81810,a818,10,49.79091948,0,63,a818,Naftisol,Female
o28710,o287,10,47.36020084,1,157,o287,Ceftamin,Male
m55010,m550,10,50.54803457,2,146,m550,Ketapril,Male
l70010,l700,10,47.01356652,1,139,l700,Naftisol,Female
g31610,g316,10,44.50204246,0,39,g316,Capomulin,Female
u14910,u149,10,47.40483439,0,201,u149,Ceftamin,Male
e47610,e476,10,49.43168536,0,92,e476,Infubinol,Male
k21010,k210,10,49.37993231,0,124,k210,Ceftamin,Male
l72510,l725,10,50.82391154,2,140,l725,Naftisol,Female
a27510,a275,10,47.37134328,0,54,a275,Ceftamin,Female
z79510,z795,10,48.0308039,0,249,z795,Naftisol,Female
c58010,c580,10,47.57017382,1,79,c580,Ketapril,Male
m13310,m133,10,47.50333803,0,143,m133,Naftisol,Female
w42210,w422,10,49.93597024,0,222,w422,Ketapril,Female
x58110,x581,10,49.06702788,1,234,x581,Ceftamin,Female
v29510,v295,10,47.53946216,2,207,v295,Naftisol,Female
a20310,a203,10,51.8524372,1,51,a203,Infubinol,Female
y79310,y793,10,41.63001026,1,14,y793,Capomulin,Male
q48310,q483,10,47.8391005,1,177,q483,Ceftamin,Male
w58410,w584,10,47.29850794,0,225,w584,Infubinol,Male
f96610,f966,10,35.6244027,0,8,f966,Capomulin,Male
q13210,q132,10,47.95384377,2,176,q132,Infubinol,Female
m26910,m269,10,50.86013006,0,144,m269,Stelasyn,Female
w16710,w167,10,51.82640965,0,219,w167,Placebo,Female
m60110,m601,10,36.82536664,1,5,m601,Capomulin,Male
a49210,a492,10,48.43219661,0,58,a492,Stelasyn,Male
x77310,x773,10,47.18920597,2,236,x773,Placebo,Female
a40110,a401,10,47.7259374,1,56,a401,Zoniferol,Female
i17710,i177,10,41.02092924,0,20,i177,Ramicane,Male
s16610,s166,10,49.00012468,0,190,s166,Placebo,Male
q58210,q582,10,47.01357514,1,179,q582,Placebo,Male
w54010,w540,10,47.45906658,1,223,w540,Stelasyn,Female
j36510,j365,10,48.34932028,0,121,j365,Zoniferol,Male
v76410,v764,10,48.18900062,1,212,v764,Stelasyn,Female
g79110,g791,10,40.17055848,0,6,g791,Ramicane,Male
y47810,y478,10,52.28893409,1,241,y478,Placebo,Female
l89710,l897,10,46.15473721,0,30,l897,Capomulin,Male
o79510,o795,10,51.1237037,1,163,o795,Placebo,Female
g98910,g989,10,51.74515613,0,109,g989,Propriva,Female
p13610,p136,10,50.90789028,0,169,p136,Zoniferol,Female
t45110,t451,10,48.95791906,0,196,t451,Stelasyn,Male
c28210,c282,10,48.17950638,0,74,c282,Placebo,Male
s33710,s337,10,47.8944415,0,192,s337,Zoniferol,Male
m54610,m546,10,43.74822357,0,9,m546,Ramicane,Male
v98910,v989,10,52.61468889,1,215,v989,Placebo,Male
a78810,a788,10,50.15972132,1,62,a788,Zoniferol,Male
a64410,a644,10,46.38071258,0,19,a644,Ramicane,Female
v40910,v409,10,50.64903842,1,209,v409,Placebo,Female
r94410,r944,10,46.54429202,0,42,r944,Capomulin,Male
a96310,a963,10,47.15052201,0,65,a963,Stelasyn,Female
t99410,t994,10,52.6141635,1,200,t994,Placebo,Male
c55910,c559,10,47.29326012,0,78,c559,Zoniferol,Female
a52010,a520,10,36.42938781,0,23,a520,Ramicane,Male
a44410,a444,10,44.51255951,0,46,a444,Ramicane,Female
u19610,u196,10,46.42294306,1,44,u196,Ramicane,Male
e22710,e227,10,51.34975705,1,90,e227,Placebo,Male
f12910,f129,10,48.17971908,1,94,f129,Zoniferol,Female
t71810,t718,10,46.39268805,1,198,t718,Placebo,Female
n96710,n967,10,47.47172327,1,156,n967,Zoniferol,Male
d25110,d251,10,42.43225791,1,29,d251,Ramicane,Female
b31310,b313,10,48.31937218,1,66,b313,Zoniferol,Male
f54510,f545,10,51.07251225,0,100,f545,Zoniferol,Female
a41110,a411,10,40.75978762,1,35,a411,Ramicane,Male
w91410,w914,10,43.23196275,0,24,w914,Capomulin,Male
c30210,c302,10,48.53356704,1,75,c302,Zoniferol,Female
j98910,j989,10,46.34383237,1,21,j989,Ramicane,Male
k89410,k894,10,49.27287011,1,132,k894,Zoniferol,Female
y44910,y449,10,46.37809248,0,50,y449,Ramicane,Male
w15010,w150,10,39.95234669,0,37,w150,Capomulin,Male
j91310,j913,10,44.49716216,0,11,j913,Ramicane,Female
a89710,a897,10,47.97292708,1,64,a897,Placebo,Male
k75410,k754,10,49.74611666,0,129,k754,Zoniferol,Female
k40310,k403,10,35.01427146,1,2,k403,Ramicane,Male
c75710,c757,10,49.21931669,0,80,c757,Placebo,Male
g29610,g296,10,48.26950861,0,104,g296,Zoniferol,Female
r92110,r921,10,42.71192694,0,48,r921,Ramicane,Female
q63310,q633,10,49.00186559,0,180,q633,Zoniferol,Male
t56510,t565,10,46.74900552,0,18,t565,Capomulin,Female
r81110,r811,10,39.453903,0,25,r811,Ramicane,Male
f23410,f234,10,47.90432375,0,95,f234,Stelasyn,Male
x61310,x613,10,46.8181759,0,235,x613,Zoniferol,Female
x40210,x402,10,46.88696249,1,233,x402,Stelasyn,Male
o30210,o302,10,49.70144989,0,158,o302,Placebo,Female
w57510,w575,10,50.13595547,1,224,w575,Zoniferol,Female
c45810,c458,10,44.45437828,1,31,c458,Ramicane,Female
i47710,i477,10,47.52063206,0,115,i477,Placebo,Female
c75810,c758,10,46.28799223,0,17,c758,Ramicane,Male
d16410,d164,10,47.47464468,1,87,d164,Zoniferol,Male
q61010,q610,10,44.99148471,0,28,q610,Ramicane,Female
s18510,s185,10,37.61494768,0,3,s185,Capomulin,Female
q51110,q511,10,50.31164687,0,178,q511,Zoniferol,Female
c26410,c264,10,49.02659196,0,73,c264,Zoniferol,Female
k86210,k862,10,50.52355007,1,131,k862,Stelasyn,Female
n76310,n763,10,46.81731526,1,154,n763,Placebo,Female
h33310,h333,10,46.23384414,1,111,h333,Stelasyn,Male
c40210,c402,10,50.56689412,1,77,c402,Stelasyn,Female
q78710,q787,10,48.59386234,1,181,q787,Placebo,Male
b12810,b128,10,43.2708519,0,33,b128,Capomulin,Female
g86710,g867,10,48.18340167,0,108,g867,Stelasyn,Female
g98910,g989,10,49.8805278,0,109,g989,Propriva,Female
b74210,b742,10,41.99922813,0,32,b742,Capomulin,Male
e66210,e662,10,46.40908385,0,43,e662,Ramicane,Male
i66910,i669,10,48.2816334,1,117,i669,Placebo,Female
a69910,a699,10,47.86737569,0,61,a699,Propriva,Female
q59710,q597,10,42.53798598,0,45,q597,Ramicane,Male
j98410,j984,10,50.14108401,1,123,j984,Stelasyn,Female
a26210,a262,10,49.59518129,1,53,a262,Placebo,Female
w35010,w350,10,48.89955238,0,221,w350,Propriva,Male
n36410,n364,10,40.3751382,0,13,n364,Ramicane,Male
z57810,z578,10,42.95211843,0,10,z578,Ramicane,Male
w69710,w697,10,48.925056,2,226,w697,Stelasyn,Female
p31010,p310,10,48.66560668,1,171,p310,Propriva,Male
k60310,k603,10,46.60694676,0,128,k603,Propriva,Male
k51010,k510,10,47.6582498,1,127,k510,Stelasyn,Female
r85010,r850,10,48.51509085,1,186,r850,Placebo,Male
j23510,j235,10,48.01878792,1,119,j235,Placebo,Male
i90110,i901,10,50.42124982,0,118,i901,Stelasyn,Male
s15210,s152,10,52.1816442,2,189,s152,Placebo,Female
o92610,o926,10,47.56567364,1,167,o926,Zoniferol,Male
m33110,m331,10,47.64687735,1,145,m331,Zoniferol,Female
x40110,x401,10,39.11389068,0,4,x401,Capomulin,Female
l21510,l215,10,53.6539696,1,133,l215,Propriva,Male
j24610,j246,10,46.4083613,0,34,j246,Capomulin,Female
s50810,s508,10,34.8509979,0,7,s508,Ramicane,Male
p98110,p981,10,47.54584585,0,174,p981,Stelasyn,Male
i33410,i334,10,41.63124731,0,27,i334,Ramicane,Female
r15710,r157,10,46.05960827,0,183,r157,Capomulin,Male
t19810,t198,10,49.00080978,1,195,t198,Propriva,Male
c76610,c766,10,49.50027098,1,81,c766,Placebo,Female
q59715,q597,15,41.39566036,0,45,q597,Ramicane,Male
l66115,l661,15,50.94754484,1,138,l661,Ceftamin,Male
y76915,y769,15,52.76102114,2,243,y769,Ceftamin,Female
s18515,s185,15,38.17723195,0,3,s185,Capomulin,Female
d25115,d251,15,39.47278744,1,29,d251,Ramicane,Female
y86515,y865,15,50.80651856,1,244,y865,Ceftamin,Male
a68515,a685,15,48.95147442,0,60,a685,Infubinol,Male
a26215,a262,15,53.82797367,2,53,a262,Placebo,Female
b12815,b128,15,43.78489343,0,33,b128,Capomulin,Female
r81115,r811,15,40.02229235,0,25,r811,Ramicane,Male
z58115,z581,15,51.1963042,2,248,z581,Infubinol,Female
c81915,c819,15,48.37099912,1,82,c819,Ketapril,Male
r85015,r850,15,50.21860469,1,186,r850,Placebo,Male
b55915,b559,15,51.37886229,0,69,b559,Naftisol,Male
c26415,c264,15,53.66494165,1,73,c264,Zoniferol,Female
o30215,o302,15,51.38148886,0,158,o302,Placebo,Female
g28815,g288,15,42.17230079,1,26,g288,Capomulin,Male
h24615,h246,15,56.18432701,1,110,h246,Ketapril,Male
a25115,a251,15,50.53445603,1,52,a251,Infubinol,Female
c75715,c757,15,51.532603,0,80,c757,Placebo,Male
j98915,j989,15,41.12835439,1,21,j989,Ramicane,Male
i33415,i334,15,39.15800115,0,27,i334,Ramicane,Female
f99315,f993,15,49.10697473,1,102,f993,Naftisol,Male
y44915,y449,15,44.18345092,0,50,y449,Ramicane,Male
i73815,i738,15,37.97877782,0,22,i738,Capomulin,Female
i38615,i386,15,51.73656088,2,114,i386,Infubinol,Female
u32715,u327,15,50.65996437,0,203,u327,Ketapril,Male
q78715,q787,15,49.21773243,2,181,q787,Placebo,Male
n92315,n923,15,51.73870623,1,155,n923,Ketapril,Male
c75815,c758,15,46.94094512,1,17,c758,Ramicane,Male
c30215,c302,15,52.71663459,2,75,c302,Zoniferol,Female
q13215,q132,15,49.15974862,3,176,q132,Infubinol,Female
n67115,n671,15,54.21606411,0,152,n671,Infubinol,Male
a89715,a897,15,52.34308525,2,64,a897,Placebo,Male
k40315,k403,15,34.22399174,1,2,k403,Ramicane,Male
b31315,b313,15,49.18838735,1,66,b313,Zoniferol,Male
p18915,p189,15,53.6755415,2,170,p189,Ketapril,Male
m95715,m957,15,39.80445341,1,16,m957,Capomulin,Female
w15115,w151,15,47.24292865,1,218,w151,Ceftamin,Male
v60315,v603,15,52.10294744,0,210,v603,Ketapril,Female
j29615,j296,15,50.70127959,2,120,j296,Ceftamin,Female
o33115,o331,15,54.78976769,1,159,o331,Ketapril,Male
a64415,a644,15,46.91089166,0,19,a644,Ramicane,Female
o80915,o809,15,49.68344504,1,164,o809,Infubinol,Male
n76315,n763,15,47.79809961,1,154,n763,Placebo,Female
w42215,w422,15,52.24630985,0,222,w422,Ketapril,Female
o79515,o795,15,55.88633793,2,163,o795,Placebo,Female
a20315,a203,15,52.7778705,1,51,a203,Infubinol,Female
a52015,a520,15,35.590254,0,23,a520,Ramicane,Male
y16315,y163,15,51.52306843,1,239,y163,Infubinol,Female
r94415,r944,15,47.37342325,0,42,r944,Capomulin,Male
m55015,m550,15,51.16606544,3,146,m550,Ketapril,Male
f34515,f345,15,48.35223854,0,97,f345,Infubinol,Male
s15215,s152,15,57.22498064,2,189,s152,Placebo,Female
t99415,t994,15,53.45863887,1,200,t994,Placebo,Male
c89515,c895,15,52.94946474,1,84,c895,Infubinol,Female
y79315,y793,15,42.28366512,1,14,y793,Capomulin,Male
u19615,u196,15,47.22717065,1,44,u196,Ramicane,Male
c83215,c832,15,52.86453449,1,83,c832,Ketapril,Male
s50815,s508,15,35.27690634,0,7,s508,Ramicane,Male
m54615,m546,15,39.89743533,0,9,m546,Ramicane,Male
a57715,a577,15,50.91500662,2,59,a577,Infubinol,Female
m65015,m650,15,53.14955933,1,147,m650,Ketapril,Male
v71915,v719,15,52.60910758,1,211,v719,Infubinol,Female
c76615,c766,15,50.59663325,2,81,c766,Placebo,Female
c28215,c282,15,49.26607873,0,74,c282,Placebo,Male
j23515,j235,15,51.16113815,1,119,j235,Placebo,Male
e22715,e227,15,52.83394196,1,90,e227,Placebo,Male
c13915,c139,15,51.8332246,0,72,c139,Infubinol,Male
n36415,n364,15,36.94027399,0,13,n364,Ramicane,Male
v28915,v289,15,52.60216564,0,206,v289,Ketapril,Female
r92115,r921,15,43.52726054,0,48,r921,Ramicane,Female
y47815,y478,15,53.61040585,1,241,y478,Placebo,Female
c58015,c580,15,51.991708,1,79,c580,Ketapril,Male
t56515,t565,15,44.44094861,0,18,t565,Capomulin,Female
g49715,g497,15,53.64616804,1,105,g497,Ketapril,Male
t71815,t718,15,48.08512552,1,198,t718,Placebo,Female
g10715,g107,15,58.13554485,0,103,g107,Ketapril,Female
s12115,s121,15,50.82456031,2,187,s121,Infubinol,Male
z57815,z578,15,38.68851607,0,10,z578,Ramicane,Male
j24615,j246,15,43.31265415,0,34,j246,Capomulin,Female
k80415,k804,15,50.47761824,0,130,k804,Infubinol,Female
w16715,w167,15,53.90048909,0,219,w167,Placebo,Female
d47415,d474,15,47.77793584,0,88,d474,Ketapril,Male
y26015,y260,15,50.19615224,2,240,y260,Ketapril,Female
v76615,v766,15,51.54243058,1,213,v766,Infubinol,Male
w58415,w584,15,51.26543971,0,225,w584,Infubinol,Male
x77315,x773,15,47.67123558,3,236,x773,Placebo,Female
i66915,i669,15,48.8576007,1,117,i669,Placebo,Female
i17715,i177,15,40.33093479,0,20,i177,Ramicane,Male
r15715,r157,15,46.53920617,0,183,r157,Capomulin,Male
k38215,k382,15,54.42916821,1,125,k382,Ketapril,Male
k48315,k483,15,53.24445813,1,126,k483,Infubinol,Female
q58215,q582,15,48.32264018,2,179,q582,Placebo,Male
e47615,e476,15,54.04621267,0,92,e476,Infubinol,Male
g79115,g791,15,40.67812852,0,6,g791,Ramicane,Male
g31615,g316,15,45.21674299,0,39,g316,Capomulin,Female
r55415,r554,15,35.46375763,2,15,r554,Capomulin,Female
o97315,o973,15,49.87193582,0,168,o973,Ketapril,Female
e66215,e662,15,43.55377339,0,43,e662,Ramicane,Male
w19315,w193,15,49.38557373,0,220,w193,Infubinol,Male
s14115,s141,15,49.23234538,1,188,s141,Propriva,Male
n96715,n967,15,49.82500362,1,156,n967,Zoniferol,Male
p43815,p438,15,52.19836818,0,173,p438,Ceftamin,Female
g98915,g989,15,51.32585207,1,109,g989,Propriva,Female
b48715,b487,15,51.68325586,0,68,b487,Ceftamin,Female
g57015,g570,15,52.6826954,1,107,g570,Propriva,Male
j11915,j119,15,47.32298428,0,36,j119,Capomulin,Female
j75515,j755,15,51.45397391,0,122,j755,Naftisol,Male
v76415,v764,15,49.41262418,2,212,v764,Stelasyn,Female
a81815,a818,15,51.22756565,0,63,a818,Naftisol,Female
o28715,o287,15,48.67945261,1,157,o287,Ceftamin,Male
w54015,w540,15,48.25014636,2,223,w540,Stelasyn,Female
w35015,w350,15,50.8546323,1,221,w350,Propriva,Male
q48315,q483,15,48.4684826,1,177,q483,Ceftamin,Male
j36515,j365,15,49.58826336,0,121,j365,Zoniferol,Male
j98415,j984,15,51.16675687,1,123,j984,Stelasyn,Female
v29515,v295,15,50.66605391,2,207,v295,Naftisol,Female
s18715,s187,15,52.08163225,1,191,s187,Propriva,Male
a40115,a401,15,49.93472542,1,56,a401,Zoniferol,Female
x58115,x581,15,49.74642744,2,234,x581,Ceftamin,Female
a49215,a492,15,51.9852629,0,58,a492,Stelasyn,Male
e29115,e291,15,49.3484262,1,91,e291,Naftisol,Female
a27515,a275,15,49.73440359,0,54,a275,Ceftamin,Female
f12915,f129,15,49.98830246,1,94,f129,Zoniferol,Female
s56515,s565,15,54.32831664,1,193,s565,Stelasyn,Female
x40215,x402,15,49.1199478,1,233,x402,Stelasyn,Male
l72515,l725,15,54.24456268,2,140,l725,Naftisol,Female
b74215,b742,15,39.52484301,0,32,b742,Capomulin,Male
t72415,t724,15,55.58461724,0,199,t724,Naftisol,Female
k21015,k210,15,51.07355752,0,124,k210,Ceftamin,Male
p13615,p136,15,51.99141616,1,169,p136,Zoniferol,Female
m26915,m269,15,55.9053436,0,144,m269,Stelasyn,Female
q51115,q511,15,52.13308139,0,178,q511,Zoniferol,Female
u94615,u946,15,47.67302921,1,204,u946,Propriva,Male
x40115,x401,15,39.77625003,0,4,x401,Capomulin,Female
g55815,g558,15,51.007258,0,106,g558,Propriva,Male
t45115,t451,15,49.65278772,0,196,t451,Stelasyn,Male
z79515,z795,15,49.36813189,1,249,z795,Naftisol,Female
o56215,o562,15,51.50508551,1,161,o562,Propriva,Female
s33715,s337,15,48.57151582,0,192,s337,Zoniferol,Male
v99115,v991,15,54.588591,1,216,v991,Propriva,Female
a78815,a788,15,52.53994926,1,62,a788,Zoniferol,Male
a96315,a963,15,47.83685218,0,65,a963,Stelasyn,Female
x26415,x264,15,50.00231403,1,231,x264,Naftisol,Female
e58415,e584,15,48.43041053,1,93,e584,Naftisol,Male
c92715,c927,15,53.26643087,1,85,c927,Propriva,Female
p98115,p981,15,49.65770973,0,174,p981,Stelasyn,Male
o92615,o926,15,48.25424839,1,167,o926,Zoniferol,Male
i55715,i557,15,43.5298757,0,47,i557,Capomulin,Female
c55915,c559,15,51.41490358,1,78,c559,Zoniferol,Female
u36415,u364,15,47.21219992,2,12,u364,Capomulin,Male
r70115,r701,15,52.48480443,0,185,r701,Naftisol,Male
l89715,l897,15,44.0615214,0,30,l897,Capomulin,Male
k51015,k510,15,49.6870517,1,127,k510,Stelasyn,Female
e21315,e213,15,51.7916953,2,89,e213,Naftisol,Male
h33315,h333,15,50.69260358,2,111,h333,Stelasyn,Male
c40215,c402,15,52.23071944,1,77,c402,Stelasyn,Female
g98915,g989,15,53.44201976,0,109,g989,Propriva,Female
m60115,m601,15,35.46461175,1,5,m601,Capomulin,Male
m13315,m133,15,48.6652074,1,143,m133,Naftisol,Female
m33115,m331,15,52.11008758,1,145,m331,Zoniferol,Female
w91415,w914,15,43.68844893,0,24,w914,Capomulin,Male
s71015,s710,15,41.84523536,0,40,s710,Capomulin,Female
a69915,a699,15,49.53040137,0,61,a699,Propriva,Female
g29615,g296,15,49.65324404,1,104,g296,Zoniferol,Female
a41115,a411,15,41.48416885,1,35,a411,Ramicane,Male
b87915,b879,15,51.61838657,1,71,b879,Stelasyn,Female
p38715,p387,15,55.25138033,0,172,p387,Stelasyn,Male
r60415,r604,15,51.07452073,1,184,r604,Naftisol,Male
l50915,l509,15,47.48859931,1,41,l509,Capomulin,Male
f43615,f436,15,48.72207785,2,99,f436,Ceftamin,Female
u14915,u149,15,48.52237343,0,201,u149,Ceftamin,Male
b75915,b759,15,51.58779906,0,70,b759,Ceftamin,Female
g86715,g867,15,51.06041924,1,108,g867,Stelasyn,Female
k60315,k603,15,48.7752855,0,128,k603,Propriva,Male
i63515,i635,15,49.53689775,1,116,i635,Propriva,Male
k86215,k862,15,54.47453362,1,131,k862,Stelasyn,Female
k75415,k754,15,51.32356994,0,129,k754,Zoniferol,Female
j91315,j913,15,45.25253427,0,11,j913,Ramicane,Female
v83515,v835,15,50.54520646,1,214,v835,Naftisol,Male
l49015,l490,15,50.52481268,1,136,l490,Ceftamin,Male
k89415,k894,15,49.9877657,1,132,k894,Zoniferol,Female
l73315,l733,15,49.28519504,0,141,l733,Ceftamin,Female
f96615,f966,15,32.62300253,0,8,f966,Capomulin,Male
f54515,f545,15,53.94554429,1,100,f545,Zoniferol,Female
o72515,o725,15,50.01507902,1,162,o725,Naftisol,Male
p31015,p310,15,49.77074144,1,171,p310,Propriva,Male
r10715,r107,15,53.09033546,0,182,r107,Propriva,Female
q63315,q633,15,50.5835573,1,180,q633,Zoniferol,Male
x93015,x930,15,51.97376864,0,238,x930,Naftisol,Male
f23415,f234,15,48.73519714,1,95,f234,Stelasyn,Male
l70015,l700,15,49.04022529,1,139,l700,Naftisol,Female
a44415,a444,15,43.00127957,0,46,a444,Ramicane,Female
a36615,a366,15,55.26558163,0,55,a366,Stelasyn,Female
x82215,x822,15,49.69466533,1,237,x822,Ceftamin,Male
x61315,x613,15,48.0776464,0,235,x613,Zoniferol,Female
l47115,l471,15,49.40687901,0,135,l471,Ceftamin,Female
z96915,z969,15,54.71300452,2,250,z969,Naftisol,Male
c45815,c458,15,45.10742313,2,31,c458,Ramicane,Female
q61015,q610,15,45.88902756,0,28,q610,Ramicane,Female
w69715,w697,15,52.65726519,2,226,w697,Stelasyn,Female
v92315,v923,15,40.45798877,0,38,v923,Capomulin,Female
w57515,w575,15,50.86745176,1,224,w575,Zoniferol,Female
t19815,t198,15,49.7811808,2,195,t198,Propriva,Male
n30415,n304,15,48.47797895,0,149,n304,Naftisol,Male
i90115,i901,15,51.41964239,0,118,i901,Stelasyn,Male
u36420,u364,20,40.34394812,2,12,u364,Capomulin,Male
o92620,o926,20,51.82663825,2,167,o926,Zoniferol,Male
q13220,q132,20,51.90902494,4,176,q132,Infubinol,Female
a57720,a577,20,52.36518457,2,59,a577,Infubinol,Female
i38620,i386,20,55.08772445,2,114,i386,Infubinol,Female
t19820,t198,20,51.49073998,3,195,t198,Propriva,Male
g55820,g558,20,55.09009691,1,106,g558,Propriva,Male
c76620,c766,20,53.00686463,3,81,c766,Placebo,Female
u94620,u946,20,49.11004966,1,204,u946,Propriva,Male
p31020,p310,20,54.20518054,1,171,p310,Propriva,Male
s15220,s152,20,62.35160945,2,189,s152,Placebo,Female
z58120,z581,20,51.80794416,2,248,z581,Infubinol,Female
f96620,f966,20,30.48598484,0,8,f966,Capomulin,Male
o80920,o809,20,50.33655288,1,164,o809,Infubinol,Male
s18720,s187,20,53.74473406,1,191,s187,Propriva,Male
b12820,b128,20,42.731552,0,33,b128,Capomulin,Female
i66920,i669,20,50.87369027,1,117,i669,Placebo,Female
b74220,b742,20,37.95035546,0,32,b742,Capomulin,Male
k80420,k804,20,54.48451945,0,130,k804,Infubinol,Female
a69920,a699,20,50.71242334,0,61,a699,Propriva,Female
i63520,i635,20,51.87706189,1,116,i635,Propriva,Male
r10720,r107,20,55.2638584,0,182,r107,Propriva,Female
r55420,r554,20,36.01558858,2,15,r554,Capomulin,Female
w35020,w350,20,52.13232061,1,221,w350,Propriva,Male
k60320,k603,20,50.18010935,0,128,k603,Propriva,Male
a25120,a251,20,54.46259376,1,52,a251,Infubinol,Female
k48320,k483,20,54.77896052,1,126,k483,Infubinol,Female
a26220,a262,20,57.01331331,2,53,a262,Placebo,Female
n76320,n763,20,49.25812581,1,154,n763,Placebo,Female
q78720,q787,20,50.22993419,2,181,q787,Placebo,Male
y16320,y163,20,54.57107607,1,239,y163,Infubinol,Female
g57020,g570,20,54.64329541,1,107,g570,Propriva,Male
g98920,g989,20,55.32612202,1,109,g989,Propriva,Female
s14120,s141,20,51.6216457,1,188,s141,Propriva,Male
q51120,q511,20,52.67271205,0,178,q511,Zoniferol,Female
s12120,s121,20,52.0050659,2,187,s121,Infubinol,Male
t71820,t718,20,52.6367,2,198,t718,Placebo,Female
k21020,k210,20,51.99761855,0,124,k210,Ceftamin,Male
u14920,u149,20,50.37805789,0,201,u149,Ceftamin,Male
n67120,n671,20,54.82252091,0,152,n671,Infubinol,Male
o30220,o302,20,56.17761143,0,158,o302,Placebo,Female
q63320,q633,20,53.28728681,1,180,q633,Zoniferol,Male
x82220,x822,20,51.91490968,2,237,x822,Ceftamin,Male
a68520,a685,20,49.49055902,0,60,a685,Infubinol,Male
m95720,m957,20,38.90934919,1,16,m957,Capomulin,Female
w57520,w575,20,55.5918155,1,224,w575,Zoniferol,Female
l73320,l733,20,53.24431157,1,141,l733,Ceftamin,Female
c75720,c757,20,52.81863401,1,80,c757,Placebo,Male
w15120,w151,20,49.55426295,2,218,w151,Ceftamin,Male
g29620,g296,20,51.4471183,2,104,g296,Zoniferol,Female
s18520,s185,20,36.86687576,0,3,s185,Capomulin,Female
a89720,a897,20,54.59570541,3,64,a897,Placebo,Male
c26420,c264,20,54.5681957,1,73,c264,Zoniferol,Female
f54520,f545,20,58.84118888,1,100,f545,Zoniferol,Female
y76920,y769,20,55.02572434,2,243,y769,Ceftamin,Female
l47120,l471,20,52.22832698,0,135,l471,Ceftamin,Female
l66120,l661,20,52.61749003,1,138,l661,Ceftamin,Male
b31320,b313,20,53.9796797,1,66,b313,Zoniferol,Male
a40120,a401,20,52.20451136,2,56,a401,Zoniferol,Female
b75920,b759,20,54.44303502,0,70,b759,Ceftamin,Female
k75420,k754,20,52.69342276,1,129,k754,Zoniferol,Female
c30220,c302,20,54.08090836,3,75,c302,Zoniferol,Female
j29620,j296,20,54.00534209,3,120,j296,Ceftamin,Female
l49020,l490,20,51.90544699,1,136,l490,Ceftamin,Male
l50920,l509,20,48.07045162,2,41,l509,Capomulin,Male
w91420,w914,20,41.10809233,0,24,w914,Capomulin,Male
k89420,k894,20,50.98163936,1,132,k894,Zoniferol,Female
e22720,e227,20,56.6075521,1,90,e227,Placebo,Male
a27520,a275,20,50.51343652,1,54,a275,Ceftamin,Female
x58120,x581,20,51.20796943,3,234,x581,Ceftamin,Female
o56220,o562,20,53.61686347,1,161,o562,Propriva,Female
c13920,c139,20,56.74200681,0,72,c139,Infubinol,Male
c28220,c282,20,51.95057423,0,74,c282,Placebo,Male
v71920,v719,20,54.04860769,1,211,v719,Infubinol,Female
v99120,v991,20,57.74069459,2,216,v991,Propriva,Female
s33720,s337,20,49.20205408,1,192,s337,Zoniferol,Male
c92720,c927,20,55.48168922,1,85,c927,Propriva,Female
t99420,t994,20,56.52795159,1,200,t994,Placebo,Male
a78820,a788,20,54.06098332,1,62,a788,Zoniferol,Male
c89520,c895,20,53.6768396,2,84,c895,Infubinol,Female
l89720,l897,20,44.81309343,0,30,l897,Capomulin,Male
f34520,f345,20,49.61338303,0,97,f345,Infubinol,Male
c55920,c559,20,52.60436695,2,78,c559,Zoniferol,Female
r94420,r944,20,43.22567119,1,42,r944,Capomulin,Male
p43820,p438,20,52.90529861,0,173,p438,Ceftamin,Female
o79520,o795,20,60.61005916,3,163,o795,Placebo,Female
y86520,y865,20,52.36198241,1,244,y865,Ceftamin,Male
x77320,x773,20,49.7397129,3,236,x773,Placebo,Female
w19320,w193,20,50.00513807,0,220,w193,Infubinol,Male
j36520,j365,20,50.93935278,1,121,j365,Zoniferol,Male
q48320,q483,20,50.2398558,1,177,q483,Ceftamin,Male
j11920,j119,20,48.15820939,1,36,j119,Capomulin,Female
e47620,e476,20,55.24927296,0,92,e476,Infubinol,Male
w16720,w167,20,57.54815669,0,219,w167,Placebo,Female
q58220,q582,20,51.18597648,2,179,q582,Placebo,Male
p13620,p136,20,54.91379857,1,169,p136,Zoniferol,Female
w58420,w584,20,53.32350743,1,225,w584,Infubinol,Male
b48720,b487,20,53.42766344,0,68,b487,Ceftamin,Female
y47820,y478,20,56.84885016,1,241,y478,Placebo,Female
g31620,g316,20,45.93332219,1,39,g316,Capomulin,Female
a20320,a203,20,55.17333648,1,51,a203,Infubinol,Female
o28720,o287,20,50.85614078,2,157,o287,Ceftamin,Male
j24620,j246,20,44.02037009,0,34,j246,Capomulin,Female
j23520,j235,20,52.94290169,1,119,j235,Placebo,Male
m55020,m550,20,53.75794476,3,146,m550,Ketapril,Male
a81820,a818,20,54.8346245,0,63,a818,Naftisol,Female
i90120,i901,20,55.97440502,0,118,i901,Stelasyn,Male
v92320,v923,20,39.64829568,0,38,v923,Capomulin,Female
c75820,c758,20,43.1263114,1,17,c758,Ramicane,Male
v29520,v295,20,55.73137535,3,207,v295,Naftisol,Female
k86220,k862,20,57.05784818,1,131,k862,Stelasyn,Female
z57820,z578,20,36.89001635,0,10,z578,Ramicane,Male
o33120,o331,20,58.96572043,1,159,o331,Ketapril,Male
g79120,g791,20,41.211897,0,6,g791,Ramicane,Male
w69720,w697,20,54.22809098,3,226,w697,Stelasyn,Female
c81920,c819,20,49.76241475,1,82,c819,Ketapril,Male
k40320,k403,20,32.99772858,1,2,k403,Ramicane,Male
m13320,m133,20,52.63688249,1,143,m133,Naftisol,Female
j98420,j984,20,54.37251567,1,123,j984,Stelasyn,Female
c83220,c832,20,56.71023353,1,83,c832,Ketapril,Male
q59720,q597,20,41.9255866,0,45,q597,Ramicane,Male
t56520,t565,20,39.0702138,0,18,t565,Capomulin,Female
c40220,c402,20,54.88332044,2,77,c402,Stelasyn,Female
h33320,h333,20,51.99780618,2,111,h333,Stelasyn,Male
k51020,k510,20,52.10557382,1,127,k510,Stelasyn,Female
o97320,o973,20,51.9569931,1,168,o973,Ketapril,Female
l70020,l700,20,50.73476811,1,139,l700,Naftisol,Female
p98120,p981,20,50.35806947,0,174,p981,Stelasyn,Male
m65020,m650,20,56.7779388,2,147,m650,Ketapril,Male
j98920,j989,20,41.63534426,1,21,j989,Ramicane,Male
b87920,b879,20,53.98343568,1,71,b879,Stelasyn,Female
g10720,g107,20,62.70603145,0,103,g107,Ketapril,Female
a64420,a644,20,45.86506461,0,19,a644,Ramicane,Female
y79320,y793,20,40.71642815,2,14,y793,Capomulin,Male
i55720,i557,20,43.96789516,0,47,i557,Capomulin,Female
e29120,e291,20,52.53376479,1,91,e291,Naftisol,Female
c58020,c580,20,55.57532195,2,79,c580,Ketapril,Male
k38220,k382,20,57.82435071,2,125,k382,Ketapril,Male
w42220,w422,20,53.67624336,1,222,w422,Ketapril,Female
s50820,s508,20,35.92865083,0,7,s508,Ramicane,Male
e58420,e584,20,50.34492095,2,93,e584,Naftisol,Male
x26420,x264,20,53.07426973,1,231,x264,Naftisol,Female
e21320,e213,20,52.61376289,2,89,e213,Naftisol,Male
r92120,r921,20,44.13631588,0,48,r921,Ramicane,Female
j75520,j755,20,55.49660753,1,122,j755,Naftisol,Male
e66220,e662,20,44.0012958,0,43,e662,Ramicane,Male
r70120,r701,20,54.11413742,0,185,r701,Naftisol,Male
y26020,y260,20,50.72958174,3,240,y260,Ketapril,Female
i17720,i177,20,35.34536136,0,20,i177,Ramicane,Male
r81120,r811,20,40.7728027,0,25,r811,Ramicane,Male
s56520,s565,20,57.04618912,1,193,s565,Stelasyn,Female
m54620,m546,20,36.71229535,0,9,m546,Ramicane,Male
a36620,a366,20,57.28598742,0,55,a366,Stelasyn,Female
t72420,t724,20,57.22940914,0,199,t724,Naftisol,Female
p38720,p387,20,56.5876168,0,172,p387,Stelasyn,Male
v28920,v289,20,54.25005397,0,206,v289,Ketapril,Female
h24620,h246,20,57.93591218,1,110,h246,Ketapril,Male
l72520,l725,20,59.6151548,2,140,l725,Naftisol,Female
z96920,z969,20,57.89877823,2,250,z969,Naftisol,Male
w54020,w540,20,50.67272745,2,223,w540,Stelasyn,Female
i33420,i334,20,39.6878317,0,27,i334,Ramicane,Female
v83520,v835,20,51.29654266,2,214,v835,Naftisol,Male
a44420,a444,20,41.71461874,0,46,a444,Ramicane,Female
t45120,t451,20,51.06367793,0,196,t451,Stelasyn,Male
a49220,a492,20,53.67719253,0,58,a492,Stelasyn,Male
g28820,g288,20,42.95712001,1,26,g288,Capomulin,Male
x40220,x402,20,50.41475041,2,233,x402,Stelasyn,Male
n92320,n923,20,52.59920611,1,155,n923,Ketapril,Male
i73820,i738,20,38.53113634,0,22,i738,Capomulin,Female
n36420,n364,20,37.4788685,0,13,n364,Ramicane,Male
f23420,f234,20,51.11271293,2,95,f234,Stelasyn,Male
m60120,m601,20,34.2557317,1,5,m601,Capomulin,Male
f99320,f993,20,52.07951009,1,102,f993,Naftisol,Male
c45820,c458,20,39.50513508,2,31,c458,Ramicane,Female
u19620,u196,20,46.10536303,1,44,u196,Ramicane,Male
a41120,a411,20,38.08737318,1,35,a411,Ramicane,Male
x93020,x930,20,52.55606575,0,238,x930,Naftisol,Male
u32720,u327,20,53.18987907,0,203,u327,Ketapril,Male
q61020,q610,20,46.58543347,0,28,q610,Ramicane,Female
b55920,b559,20,55.65445572,1,69,b559,Naftisol,Male
j91320,j913,20,42.16834132,0,11,j913,Ramicane,Female
v60320,v603,20,53.72124193,0,210,v603,Ketapril,Female
g49720,g497,20,55.09699356,1,105,g497,Ketapril,Male
z79520,z795,20,53.28065717,1,249,z795,Naftisol,Female
a52020,a520,20,35.94774514,0,23,a520,Ramicane,Male
d47420,d474,20,51.73149416,0,88,d474,Ketapril,Male
d25120,d251,20,37.65209085,1,29,d251,Ramicane,Female
s71020,s710,20,42.62996266,1,40,s710,Capomulin,Female
r60420,r604,20,51.90275292,1,184,r604,Naftisol,Male
x40120,x401,20,36.06583471,0,4,x401,Capomulin,Female
m26920,m269,20,61.14586638,0,144,m269,Stelasyn,Female
a96320,a963,20,51.46373448,0,65,a963,Stelasyn,Female
p18920,p189,20,56.53020447,3,170,p189,Ketapril,Male
g98920,g989,20,54.65765008,1,109,g989,Propriva,Female
n30420,n304,20,49.25330863,1,149,n304,Naftisol,Male
u14925,u149,25,52.92534846,0,201,u149,Ceftamin,Male
x26425,x264,25,56.89105283,2,231,x264,Naftisol,Female
l72525,l725,25,65.00882889,2,140,l725,Naftisol,Female
i17725,i177,25,34.0821803,1,20,i177,Ramicane,Male
l47125,l471,25,52.84755893,1,135,l471,Ceftamin,Female
r94425,r944,25,41.08699106,1,42,r944,Capomulin,Male
v29525,v295,25,57.69185918,3,207,v295,Naftisol,Female
x93025,x930,25,53.7261013,0,238,x930,Naftisol,Male
c92725,c927,25,56.54551947,2,85,c927,Propriva,Female
a52025,a520,25,36.55858129,1,23,a520,Ramicane,Male
y86525,y865,25,57.17353846,2,244,y865,Ceftamin,Male
b55925,b559,25,57.04366929,1,69,b559,Naftisol,Male
m54625,m546,25,37.44444543,0,9,m546,Ramicane,Male
v99125,v991,25,60.01674733,2,216,v991,Propriva,Female
l70025,l700,25,54.23450181,1,139,l700,Naftisol,Female
w16725,w167,25,61.86857673,0,219,w167,Placebo,Female
s71025,s710,25,43.06040875,1,40,s710,Capomulin,Female
n30425,n304,25,53.97085924,2,149,n304,Naftisol,Male
k21025,k210,25,54.61397279,0,124,k210,Ceftamin,Male
p43825,p438,25,54.51057493,0,173,p438,Ceftamin,Female
x58125,x581,25,51.93528318,3,234,x581,Ceftamin,Female
q58225,q582,25,51.96821056,2,179,q582,Placebo,Male
r60425,r604,25,52.93685812,1,184,r604,Naftisol,Male
j11925,j119,25,42.41716589,1,36,j119,Capomulin,Female
l49025,l490,25,55.81003359,2,136,l490,Ceftamin,Male
q48325,q483,25,52.43006649,1,177,q483,Ceftamin,Male
a27525,a275,25,53.57606417,1,54,a275,Ceftamin,Female
a81825,a818,25,56.96627332,0,63,a818,Naftisol,Female
l73325,l733,25,54.95166826,1,141,l733,Ceftamin,Female
o28725,o287,25,52.06848642,3,157,o287,Ceftamin,Male
z96925,z969,25,63.14565213,2,250,z969,Naftisol,Male
m13325,m133,25,54.08243662,2,143,m133,Naftisol,Female
t56525,t565,25,37.34220976,0,18,t565,Capomulin,Female
l50925,l509,25,44.00625702,2,41,l509,Capomulin,Male
o79525,o795,25,65.74177723,4,163,o795,Placebo,Female
t72425,t724,25,59.82606797,1,199,t724,Naftisol,Female
b75925,b759,25,55.08363235,0,70,b759,Ceftamin,Female
b48725,b487,25,56.05774909,1,68,b487,Ceftamin,Female
u19625,u196,25,46.7053254,1,44,u196,Ramicane,Male
r70125,r701,25,57.89848998,1,185,r701,Naftisol,Male
y47825,y478,25,57.82697598,1,241,y478,Placebo,Female
x77325,x773,25,51.10442109,3,236,x773,Placebo,Female
x82225,x822,25,54.04133326,2,237,x822,Ceftamin,Male
o80925,o809,25,52.31817407,1,164,o809,Infubinol,Male
i55725,i557,25,44.59621854,0,47,i557,Capomulin,Female
p13625,p136,25,56.28147652,1,169,p136,Zoniferol,Female
c55925,c559,25,54.55544168,2,78,c559,Zoniferol,Female
m26925,m269,25,64.89301976,0,144,m269,Stelasyn,Female
a78825,a788,25,56.7702803,1,62,a788,Zoniferol,Male
x40125,x401,25,36.61712031,0,4,x401,Capomulin,Female
a96325,a963,25,52.12980374,0,65,a963,Stelasyn,Female
l89725,l897,25,45.35467916,0,30,l897,Capomulin,Male
s33725,s337,25,50.9706889,2,192,s337,Zoniferol,Male
b31325,b313,25,55.74514628,1,66,b313,Zoniferol,Male
j98925,j989,25,39.93411249,1,21,j989,Ramicane,Male
q51125,q511,25,57.25758287,0,178,q511,Zoniferol,Female
t45125,t451,25,55.52755345,0,196,t451,Stelasyn,Male
c30225,c302,25,55.07622853,3,75,c302,Zoniferol,Female
o92625,o926,25,54.76333852,3,167,o926,Zoniferol,Male
p98125,p981,25,52.5447048,1,174,p981,Stelasyn,Male
c26425,c264,25,56.96676876,2,73,c264,Zoniferol,Female
d25125,d251,25,38.09751328,1,29,d251,Ramicane,Female
w54025,w540,25,52.60026955,2,223,w540,Stelasyn,Female
j36525,j365,25,51.8103204,1,121,j365,Zoniferol,Male
j91325,j913,25,37.86066936,0,11,j913,Ramicane,Female
a41125,a411,25,38.7014384,1,35,a411,Ramicane,Male
k89425,k894,25,52.32583833,2,132,k894,Zoniferol,Female
g29625,g296,25,55.6701066,3,104,g296,Zoniferol,Female
w91425,w914,25,40.29191661,0,24,w914,Capomulin,Male
q61025,q610,25,40.14645019,0,28,q610,Ramicane,Female
w57525,w575,25,58.58732169,1,224,w575,Zoniferol,Female
h33325,h333,25,53.73091434,2,111,h333,Stelasyn,Male
m60125,m601,25,33.11875607,1,5,m601,Capomulin,Male
q63325,q633,25,55.6831017,1,180,q633,Zoniferol,Male
f23425,f234,25,52.17860221,2,95,f234,Stelasyn,Male
f54525,f545,25,60.25348139,1,100,f545,Zoniferol,Female
x40225,x402,25,52.43173664,2,233,x402,Stelasyn,Male
a40125,a401,25,54.20983551,3,56,a401,Zoniferol,Female
a49225,a492,25,54.70122868,1,58,a492,Stelasyn,Male
a44425,a444,25,42.29139437,0,46,a444,Ramicane,Female
c45825,c458,25,37.75314964,2,31,c458,Ramicane,Female
z79525,z795,25,57.94709984,2,249,z795,Naftisol,Female
g98925,g989,25,56.04556353,1,109,g989,Propriva,Female
s18525,s185,25,33.94994037,0,3,s185,Capomulin,Female
a36625,a366,25,59.01172817,0,55,a366,Stelasyn,Female
s18725,s187,25,56.48521984,1,191,s187,Propriva,Male
s56525,s565,25,58.55361079,1,193,s565,Stelasyn,Female
r92125,r921,25,42.65534089,1,48,r921,Ramicane,Female
o30225,o302,25,60.51710253,0,158,o302,Placebo,Female
g57025,g570,25,56.8494056,1,107,g570,Propriva,Male
j75525,j755,25,58.05581822,1,122,j755,Naftisol,Male
e21325,e213,25,55.22447615,2,89,e213,Naftisol,Male
t71825,t718,25,55.87658787,3,198,t718,Placebo,Female
u36425,u364,25,35.50361557,2,12,u364,Capomulin,Male
g55825,g558,25,55.75408257,2,106,g558,Propriva,Male
e58425,e584,25,51.38641908,2,93,e584,Naftisol,Male
e29125,e291,25,55.1389525,2,91,e291,Naftisol,Female
a64425,a644,25,41.48122408,0,19,a644,Ramicane,Female
o56225,o562,25,54.74273316,1,161,o562,Propriva,Female
r81125,r811,25,37.61401068,0,25,r811,Ramicane,Male
r10725,r107,25,57.70666715,1,182,r107,Propriva,Female
p38725,p387,25,58.09848946,0,172,p387,Stelasyn,Male
i63525,i635,25,52.92882323,1,116,i635,Propriva,Male
w35025,w350,25,52.80591518,1,221,w350,Propriva,Male
k40325,k403,25,33.46457735,1,2,k403,Ramicane,Male
j98425,j984,25,57.06435479,1,123,j984,Stelasyn,Female
p31025,p310,25,55.34183416,2,171,p310,Propriva,Male
a89725,a897,25,56.41331977,3,64,a897,Placebo,Male
a69925,a699,25,51.84638147,0,61,a699,Propriva,Female
w69725,w697,25,57.6103943,3,226,w697,Stelasyn,Female
c40225,c402,25,58.26988853,2,77,c402,Stelasyn,Female
b74225,b742,25,38.61768433,0,32,b742,Capomulin,Male
k86225,k862,25,58.7192973,2,131,k862,Stelasyn,Female
t19825,t198,25,56.18466399,3,195,t198,Propriva,Male
c75825,c758,25,43.6022673,1,17,c758,Ramicane,Male
c75725,c757,25,57.10641821,2,80,c757,Placebo,Male
s14125,s141,25,53.80437038,1,188,s141,Propriva,Male
i90125,i901,25,56.575195,0,118,i901,Stelasyn,Male
b87925,b879,25,56.46998744,2,71,b879,Stelasyn,Female
v92325,v923,25,40.15641269,1,38,v923,Capomulin,Female
y76925,y769,25,58.33595901,3,243,y769,Ceftamin,Female
g79125,g791,25,35.56939935,1,6,g791,Ramicane,Male
c28225,c282,25,56.29220039,1,74,c282,Placebo,Male
s12125,s121,25,55.65068132,2,187,s121,Infubinol,Male
g10725,g107,25,64.66362579,0,103,g107,Ketapril,Female
k80425,k804,25,55.67480798,1,130,k804,Infubinol,Female
w15125,w151,25,51.8690587,2,218,w151,Ceftamin,Male
d47425,d474,25,54.27932462,0,88,d474,Ketapril,Male
e22725,e227,25,60.60029169,1,90,e227,Placebo,Male
m55025,m550,25,57.62068237,4,146,m550,Ketapril,Male
r55425,r554,25,33.89334515,3,15,r554,Capomulin,Female
f34525,f345,25,53.0788944,0,97,f345,Infubinol,Male
c13925,c139,25,61.46196976,0,72,c139,Infubinol,Male
g28825,g288,25,42.36869239,1,26,g288,Capomulin,Male
p18925,p189,25,62.10895956,3,170,p189,Ketapril,Male
g49725,g497,25,57.52444611,2,105,g497,Ketapril,Male
g31625,g316,25,46.80922469,1,39,g316,Capomulin,Female
y26025,y260,25,54.43756172,4,240,y260,Ketapril,Female
c89525,c895,25,57.53419288,2,84,c895,Infubinol,Female
i33425,i334,25,38.24881732,1,27,i334,Ramicane,Female
h24625,h246,25,59.5488537,1,110,h246,Ketapril,Male
k48325,k483,25,57.43200731,2,126,k483,Infubinol,Female
z57825,z578,25,37.41411419,0,10,z578,Ramicane,Male
c76625,c766,25,58.21462437,3,81,c766,Placebo,Female
a57725,a577,25,54.38093154,2,59,a577,Infubinol,Female
c81925,c819,25,51.82835706,1,82,c819,Ketapril,Male
q59725,q597,25,42.57570709,1,45,q597,Ramicane,Male
c83225,c832,25,58.89181644,2,83,c832,Ketapril,Male
i66925,i669,25,53.30318455,2,117,i669,Placebo,Female
a68525,a685,25,51.93995092,0,60,a685,Infubinol,Male
a26225,a262,25,60.13186217,2,53,a262,Placebo,Female
m65025,m650,25,62.2535969,2,147,m650,Ketapril,Male
y16325,y163,25,56.17638452,1,239,y163,Infubinol,Female
n67125,n671,25,56.17445785,0,152,n671,Infubinol,Male
v28925,v289,25,56.72009545,0,206,v289,Ketapril,Female
b12825,b128,25,43.26214483,1,33,b128,Capomulin,Female
m95725,m957,25,37.69543154,1,16,m957,Capomulin,Female
o97325,o973,25,53.17981471,1,168,o973,Ketapril,Female
n76325,n763,25,53.40587053,2,154,n763,Placebo,Female
o33125,o331,25,61.10230575,1,159,o331,Ketapril,Male
j29625,j296,25,55.76714817,3,120,j296,Ceftamin,Female
q13225,q132,25,52.7804893,4,176,q132,Infubinol,Female
w58425,w584,25,55.65083791,1,225,w584,Infubinol,Male
j24625,j246,25,44.55522595,0,34,j246,Capomulin,Female
e47625,e476,25,57.408638,0,92,e476,Infubinol,Male
c58025,c580,25,56.28906231,2,79,c580,Ketapril,Male
u32725,u327,25,56.05963409,0,203,u327,Ketapril,Male
i38625,i386,25,56.68786392,3,114,i386,Infubinol,Female
s15225,s152,25,64.11914213,2,189,s152,Placebo,Female
w42225,w422,25,56.95791715,2,222,w422,Ketapril,Female
v60325,v603,25,56.07523001,1,210,v603,Ketapril,Female
a25125,a251,25,57.4146457,1,52,a251,Infubinol,Female
l66125,l661,25,53.18065678,2,138,l661,Ceftamin,Male
k38225,k382,25,59.50390392,3,125,k382,Ketapril,Male
i73825,i738,25,34.97343761,0,22,i738,Capomulin,Female
n92325,n923,25,56.85546498,2,155,n923,Ketapril,Male
e66225,e662,25,44.66459432,1,43,e662,Ramicane,Male
n36425,n364,25,33.20500824,0,13,n364,Ramicane,Male
q78725,q787,25,52.71318786,2,181,q787,Placebo,Male
y79325,y793,25,38.9927339,2,14,y793,Capomulin,Male
z58125,z581,25,54.31640682,2,248,z581,Infubinol,Female
s50825,s508,25,36.33856894,0,7,s508,Ramicane,Male
a20325,a203,25,56.79320832,1,51,a203,Infubinol,Female
m65030,m650,30,64.90188755,3,147,m650,Ketapril,Male
n76330,n763,30,55.41365961,3,154,n763,Placebo,Female
z57830,z578,30,37.81593487,0,10,z578,Ramicane,Male
c75830,c758,30,44.11827028,1,17,c758,Ramicane,Male
v92330,v923,30,40.75221626,2,38,v923,Capomulin,Female
k86230,k862,30,60.60543979,3,131,k862,Stelasyn,Female
g57030,g570,30,60.32871705,1,107,g570,Propriva,Male
e58430,e584,30,54.98440767,3,93,e584,Naftisol,Male
t19830,t198,30,56.92497431,3,195,t198,Propriva,Male
s14130,s141,30,55.84141007,1,188,s141,Propriva,Male
c13930,c139,30,64.14987077,1,72,c139,Infubinol,Male
w42230,w422,30,60.09663467,3,222,w422,Ketapril,Female
b74230,b742,30,39.1679495,0,32,b742,Capomulin,Male
i55730,i557,30,45.26138381,0,47,i557,Capomulin,Female
u36430,u364,30,35.9783344,2,12,u364,Capomulin,Male
g31630,g316,30,44.22147988,2,39,g316,Capomulin,Female
r92130,r921,30,43.41938077,1,48,r921,Ramicane,Female
m55030,m550,30,60.85654272,4,146,m550,Ketapril,Male
e21330,e213,30,56.45872864,3,89,e213,Naftisol,Male
a20330,a203,30,59.52319728,1,51,a203,Infubinol,Female
a64430,a644,30,37.21112063,0,19,a644,Ramicane,Female
j75530,j755,30,60.00720978,1,122,j755,Naftisol,Male
r10730,r107,30,58.40647256,1,182,r107,Propriva,Female
p38730,p387,30,63.26924552,0,172,p387,Stelasyn,Male
c89530,c895,30,60.96971133,2,84,c895,Infubinol,Female
r81130,r811,30,38.24206639,0,25,r811,Ramicane,Male
c58030,c580,30,58.04656941,3,79,c580,Ketapril,Male
f34530,f345,30,54.36379731,1,97,f345,Infubinol,Male
o30230,o302,30,62.03059364,1,158,o302,Placebo,Female
e66230,e662,30,45.35023242,1,43,e662,Ramicane,Male
b87930,b879,30,60.90761481,2,71,b879,Stelasyn,Female
s56530,s565,30,63.66896678,1,193,s565,Stelasyn,Female
t71830,t718,30,57.70411372,3,198,t718,Placebo,Female
g55830,g558,30,58.95282911,3,106,g558,Propriva,Male
c75730,c757,30,60.09857184,2,80,c757,Placebo,Male
i90130,i901,30,60.59185755,0,118,i901,Stelasyn,Male
i63530,i635,30,53.5970382,2,116,i635,Propriva,Male
s18730,s187,30,60.00878263,2,191,s187,Propriva,Male
c40230,c402,30,63.74319428,2,77,c402,Stelasyn,Female
a69930,a699,30,54.37934505,0,61,a699,Propriva,Female
c26430,c264,30,57.82391556,2,73,c264,Zoniferol,Female
p13630,p136,30,57.05280546,1,169,p136,Zoniferol,Female
g49730,g497,30,61.108186,2,105,g497,Ketapril,Male
d25130,d251,30,38.71825638,2,29,d251,Ramicane,Female
r55430,r554,30,32.68065459,3,15,r554,Capomulin,Female
j36530,j365,30,54.40488176,1,121,j365,Zoniferol,Male
z58130,z581,30,56.28674991,2,248,z581,Infubinol,Female
a49230,a492,30,56.20104104,1,58,a492,Stelasyn,Male
a44430,a444,30,42.78627835,0,46,a444,Ramicane,Female
q78730,q787,30,55.03620625,2,181,q787,Placebo,Male
a40130,a401,30,55.91016159,3,56,a401,Zoniferol,Female
f54530,f545,30,65.89398607,1,100,f545,Zoniferol,Female
x40230,x402,30,54.35158463,3,233,x402,Stelasyn,Male
f23430,f234,30,56.87381654,2,95,f234,Stelasyn,Male
a25130,a251,30,59.86124129,1,52,a251,Infubinol,Female
q63330,q633,30,58.05725257,1,180,q633,Zoniferol,Male
c45830,c458,30,38.34200823,2,31,c458,Ramicane,Female
v60330,v603,30,57.99055378,1,210,v603,Ketapril,Female
j24630,j246,30,38.04408202,1,34,j246,Capomulin,Female
w57530,w575,30,60.15306524,1,224,w575,Zoniferol,Female
w91430,w914,30,40.99311013,0,24,w914,Capomulin,Male
q61030,q610,30,40.66834256,1,28,q610,Ramicane,Female
i38630,i386,30,59.13364029,3,114,i386,Infubinol,Female
m60130,m601,30,31.75827491,1,5,m601,Capomulin,Male
k89430,k894,30,54.40012279,3,132,k894,Zoniferol,Female
u32730,u327,30,57.31407239,0,203,u327,Ketapril,Male
g29630,g296,30,57.99770642,3,104,g296,Zoniferol,Female
j91330,j913,30,34.75724046,0,11,j913,Ramicane,Female
q13230,q132,30,54.65654872,4,176,q132,Infubinol,Female
i33430,i334,30,39.00555435,1,27,i334,Ramicane,Female
x40130,x401,30,32.91529186,0,4,x401,Capomulin,Female
o80930,o809,30,54.8326288,1,164,o809,Infubinol,Male
c55930,c559,30,57.14614388,2,78,c559,Zoniferol,Female
o33130,o331,30,66.33066347,1,159,o331,Ketapril,Male
a89730,a897,30,59.91693443,3,64,a897,Placebo,Male
a57730,a577,30,57.03186187,2,59,a577,Infubinol,Female
j98430,j984,30,61.24050573,1,123,j984,Stelasyn,Female
q59730,q597,30,43.33916123,1,45,q597,Ramicane,Male
k40330,k403,30,31.09949753,1,2,k403,Ramicane,Male
w35030,w350,30,55.87990896,1,221,w350,Propriva,Male
c83230,c832,30,60.49637579,2,83,c832,Ketapril,Male
s18530,s185,30,32.95967078,1,3,s185,Capomulin,Female
w58430,w584,30,58.26844248,1,225,w584,Infubinol,Male
y16330,y163,30,59.41253724,2,239,y163,Infubinol,Female
g98930,g989,30,59.08229394,1,109,g989,Propriva,Female
h33330,h333,30,55.45528975,2,111,h333,Stelasyn,Male
a26230,a262,30,64.95809178,3,53,a262,Placebo,Female
w69730,w697,30,60.72063591,3,226,w697,Stelasyn,Female
p98130,p981,30,56.33910432,1,174,p981,Stelasyn,Male
c30230,c302,30,57.41974389,3,75,c302,Zoniferol,Female
t45130,t451,30,59.27582268,0,196,t451,Stelasyn,Male
k48330,k483,30,59.74707708,2,126,k483,Infubinol,Female
q51130,q511,30,59.3643535,1,178,q511,Zoniferol,Female
o97330,o973,30,57.76995952,1,168,o973,Ketapril,Female
l89730,l897,30,39.35279201,1,30,l897,Capomulin,Male
j98930,j989,30,34.67178107,1,21,j989,Ramicane,Male
g28830,g288,30,42.87446056,1,26,g288,Capomulin,Male
s33730,s337,30,52.74771768,3,192,s337,Zoniferol,Male
a96330,a963,30,53.40166738,1,65,a963,Stelasyn,Female
k80430,k804,30,59.24061511,2,130,k804,Infubinol,Female
d47430,d474,30,55.34134157,0,88,d474,Ketapril,Male
a78830,a788,30,60.41370908,1,62,a788,Zoniferol,Male
m26930,m269,30,67.71250988,1,144,m269,Stelasyn,Female
o92630,o926,30,56.91739838,3,167,o926,Zoniferol,Male
b12830,b128,30,40.60533486,1,33,b128,Capomulin,Female
a36630,a366,30,63.44068627,1,55,a366,Stelasyn,Female
r70130,r701,30,60.34181872,1,185,r701,Naftisol,Male
m95730,m957,30,38.21247939,1,16,m957,Capomulin,Female
v29530,v295,30,59.33377202,3,207,v295,Naftisol,Female
b75930,b759,30,55.74282869,1,70,b759,Ceftamin,Female
n36430,n364,30,33.817758,0,13,n364,Ramicane,Male
z96930,z969,30,65.84101274,3,250,z969,Naftisol,Male
w15130,w151,30,56.76715821,2,218,w151,Ceftamin,Male
l70030,l700,30,56.653215,1,139,l700,Naftisol,Female
o28730,o287,30,54.50300122,3,157,o287,Ceftamin,Male
t72430,t724,30,64.2345947,2,199,t724,Naftisol,Female
r94430,r944,30,41.68079111,1,42,r944,Capomulin,Male
x77330,x773,30,52.81311518,4,236,x773,Placebo,Female
l50930,l509,30,44.70805473,2,41,l509,Capomulin,Male
a27530,a275,30,54.44471317,2,54,a275,Ceftamin,Female
g10730,g107,30,69.16051982,0,103,g107,Ketapril,Female
s50830,s508,30,35.47402235,0,7,s508,Ramicane,Male
l47130,l471,30,58.09360446,1,135,l471,Ceftamin,Female
u19630,u196,30,47.62281636,2,44,u196,Ramicane,Male
p43830,p438,30,56.40642173,0,173,p438,Ceftamin,Female
j29630,j296,30,56.80306121,3,120,j296,Ceftamin,Female
n92330,n923,30,59.63256052,3,155,n923,Ketapril,Male
a41130,a411,30,39.13073724,1,35,a411,Ramicane,Male
l73330,l733,30,56.31906537,1,141,l733,Ceftamin,Female
p18930,p189,30,67.10453665,4,170,p189,Ketapril,Male
n30430,n304,30,55.03901985,3,149,n304,Naftisol,Male
q58230,q582,30,52.6488935,2,179,q582,Placebo,Male
g79130,g791,30,34.95258284,1,6,g791,Ramicane,Male
n67130,n671,30,60.16518046,0,152,n671,Infubinol,Male
e22730,e227,30,62.46438515,2,90,e227,Placebo,Male
o79530,o795,30,68.21706974,4,163,o795,Placebo,Female
r60430,r604,30,54.68821536,2,184,r604,Naftisol,Male
x58130,x581,30,55.49282602,3,234,x581,Ceftamin,Female
c81930,c819,30,56.0989982,1,82,c819,Ketapril,Male
l49030,l490,30,57.91838132,3,136,l490,Ceftamin,Male
a81830,a818,30,60.07237198,0,63,a818,Naftisol,Female
c76630,c766,30,60.2559245,3,81,c766,Placebo,Female
l72530,l725,30,66.59954515,3,140,l725,Naftisol,Female
q48330,q483,30,54.95222585,1,177,q483,Ceftamin,Male
t56530,t565,30,32.86891617,0,18,t565,Capomulin,Female
j11930,j119,30,43.01368114,1,36,j119,Capomulin,Female
l66130,l661,30,55.32909936,2,138,l661,Ceftamin,Male
m54630,m546,30,37.96993365,0,9,m546,Ramicane,Male
x82230,x822,30,55.44515483,2,237,x822,Ceftamin,Male
k21030,k210,30,59.98950976,1,124,k210,Ceftamin,Male
w16730,w167,30,67.19787186,0,219,w167,Placebo,Female
h24630,h246,30,63.59960954,1,110,h246,Ketapril,Male
s71030,s710,30,43.57170323,1,40,s710,Capomulin,Female
v99130,v991,30,62.74364308,3,216,v991,Propriva,Female
b55930,b559,30,61.19038663,1,69,b559,Naftisol,Male
i73830,i738,30,35.57877987,1,22,i738,Capomulin,Female
z79530,z795,30,59.7896359,2,249,z795,Naftisol,Female
c28230,c282,30,59.00590207,1,74,c282,Placebo,Male
e47630,e476,30,57.99279743,1,92,e476,Infubinol,Male
k38230,k382,30,63.46944155,4,125,k382,Ketapril,Male
y76930,y769,30,61.07194886,3,243,y769,Ceftamin,Female
o56230,o562,30,59.65352453,1,161,o562,Propriva,Female
i17730,i177,30,34.71147302,1,20,i177,Ramicane,Male
y47830,y478,30,59.37461452,1,241,y478,Placebo,Female
y86530,y865,30,59.0332753,3,244,y865,Ceftamin,Male
a52030,a520,30,36.94770981,1,23,a520,Ramicane,Male
x26430,x264,30,58.15869423,3,231,x264,Naftisol,Female
a68530,a685,30,55.45385519,1,60,a685,Infubinol,Male
y79330,y793,30,35.72602314,2,14,y793,Capomulin,Male
y26030,y260,30,58.58267634,4,240,y260,Ketapril,Female
c92730,c927,30,60.7539246,2,85,c927,Propriva,Female
i33435,i334,35,39.7695521,2,27,i334,Ramicane,Female
l89735,l897,35,37.68276664,1,30,l897,Capomulin,Male
o80935,o809,35,55.62942846,1,164,o809,Infubinol,Male
a52035,a520,35,37.62471026,1,23,a520,Ramicane,Male
p18935,p189,35,67.87377675,4,170,p189,Ketapril,Male
k48335,k483,35,60.54156159,2,126,k483,Infubinol,Female
x82235,x822,35,56.79656665,2,237,x822,Ceftamin,Male
a96335,a963,35,56.81397646,1,65,a963,Stelasyn,Female
l72535,l725,35,69.12570173,3,140,l725,Naftisol,Female
l73335,l733,35,57.60079774,1,141,l733,Ceftamin,Female
m26935,m269,35,68.68991735,1,144,m269,Stelasyn,Female
y47835,y478,35,61.88802678,1,241,y478,Placebo,Female
s18535,s185,35,28.32853059,1,3,s185,Capomulin,Female
s33735,s337,35,54.81081251,3,192,s337,Zoniferol,Male
o97335,o973,35,60.24221931,1,168,o973,Ketapril,Female
d47435,d474,35,56.47911257,0,88,d474,Ketapril,Male
h24635,h246,35,67.2112701,2,110,h246,Ketapril,Male
j98935,j989,35,35.1155898,1,21,j989,Ramicane,Male
k80435,k804,35,62.11727887,2,130,k804,Infubinol,Female
e22735,e227,35,66.94912136,3,90,e227,Placebo,Male
w15135,w151,35,58.33914095,2,218,w151,Ceftamin,Male
q51135,q511,35,60.83866059,1,178,q511,Zoniferol,Female
l70035,l700,35,61.46260354,1,139,l700,Naftisol,Female
t45135,t451,35,63.75698964,0,196,t451,Stelasyn,Male
e66235,e662,35,43.22027636,1,43,e662,Ramicane,Male
z58135,z581,35,58.62839878,3,248,z581,Infubinol,Female
c26435,c264,35,61.07479506,2,73,c264,Zoniferol,Female
w91435,w914,35,41.66491577,1,24,w914,Capomulin,Male
l66135,l661,35,56.47412871,2,138,l661,Ceftamin,Male
v60335,v603,35,63.18943184,1,210,v603,Ketapril,Female
j24635,j246,35,38.75326548,1,34,j246,Capomulin,Female
q61035,q610,35,36.56165229,2,28,q610,Ramicane,Female
l50935,l509,35,40.2072885,2,41,l509,Capomulin,Male
m54635,m546,35,38.62753581,1,9,m546,Ramicane,Male
w57535,w575,35,63.68644503,2,224,w575,Zoniferol,Female
i38635,i386,35,64.92542037,3,114,i386,Infubinol,Female
y86535,y865,35,61.15313991,3,244,y865,Ceftamin,Male
n36435,n364,35,34.48752204,1,13,n364,Ramicane,Male
i73835,i738,35,36.17595269,1,22,i738,Capomulin,Female
k89435,k894,35,55.36266238,4,132,k894,Zoniferol,Female
c28235,c282,35,59.88765475,1,74,c282,Placebo,Male
g29635,g296,35,60.38451978,4,104,g296,Zoniferol,Female
u32735,u327,35,58.08902837,1,203,u327,Ketapril,Male
j91335,j913,35,35.17014843,0,11,j913,Ramicane,Female
y76935,y769,35,63.43063221,3,243,y769,Ceftamin,Female
m60135,m601,35,30.83435704,1,5,m601,Capomulin,Male
a44435,a444,35,41.73595083,0,46,a444,Ramicane,Female
q63335,q633,35,63.1256593,1,180,q633,Zoniferol,Male
l47135,l471,35,61.40599916,1,135,l471,Ceftamin,Female
a25135,a251,35,60.90388455,1,52,a251,Infubinol,Female
x40135,x401,35,30.20682488,0,4,x401,Capomulin,Female
n30435,n304,35,57.12241926,4,149,n304,Naftisol,Male
o79535,o795,35,69.08509415,4,163,o795,Placebo,Female
p13635,p136,35,57.63078195,1,169,p136,Zoniferol,Female
n92335,n923,35,60.35629432,3,155,n923,Ketapril,Male
r60435,r604,35,59.21700015,2,184,r604,Naftisol,Male
t56535,t565,35,33.51567063,0,18,t565,Capomulin,Female
d25135,d251,35,37.70852942,2,29,d251,Ramicane,Female
j36535,j365,35,56.96120016,2,121,j365,Zoniferol,Male
c55935,c559,35,59.45504074,2,78,c559,Zoniferol,Female
a49235,a492,35,57.30855379,1,58,a492,Stelasyn,Male
g49735,g497,35,64.0948893,2,105,g497,Ketapril,Male
z96935,z969,35,69.17624607,4,250,z969,Naftisol,Male
a40135,a401,35,60.34714467,3,56,a401,Zoniferol,Female
f54535,f545,35,66.74292417,1,100,f545,Zoniferol,Female
u19635,u196,35,47.00146542,2,44,u196,Ramicane,Male
x40235,x402,35,55.24096223,3,233,x402,Stelasyn,Male
r55435,r554,35,33.06933705,3,15,r554,Capomulin,Female
q78735,q787,35,60.33385242,3,181,q787,Placebo,Male
f23435,f234,35,57.74875831,2,95,f234,Stelasyn,Male
j29635,j296,35,58.71448296,3,120,j296,Ceftamin,Female
c30235,c302,35,62.23657157,3,75,c302,Zoniferol,Female
c83235,c832,35,61.12448717,2,83,c832,Ketapril,Male
g28835,g288,35,38.95411458,1,26,g288,Capomulin,Male
f34535,f345,35,56.52332726,1,97,f345,Infubinol,Male
g10735,g107,35,71.90511721,0,103,g107,Ketapril,Female
b55935,b559,35,65.70576275,1,69,b559,Naftisol,Male
r70135,r701,35,64.73001045,1,185,r701,Naftisol,Male
m55035,m550,35,62.53915386,4,146,m550,Ketapril,Male
x77335,x773,35,55.19273639,4,236,x773,Placebo,Female
b12835,b128,35,37.96764437,1,33,b128,Capomulin,Female
p38735,p387,35,66.4922038,1,172,p387,Stelasyn,Male
t72435,t724,35,67.74432795,2,199,t724,Naftisol,Female
s56535,s565,35,64.77657909,2,193,s565,Stelasyn,Female
r81135,r811,35,36.00302016,1,25,r811,Ramicane,Male
i63535,i635,35,55.67999656,2,116,i635,Propriva,Male
o28735,o287,35,55.11829029,4,157,o287,Ceftamin,Male
c76635,c766,35,65.95236791,4,81,c766,Placebo,Female
o92635,o926,35,58.59399318,3,167,o926,Zoniferol,Male
r94435,r944,35,40.40176542,2,42,r944,Capomulin,Male
i90135,i901,35,62.12733561,0,118,i901,Stelasyn,Male
g31635,g316,35,44.70283296,2,39,g316,Capomulin,Female
a81835,a818,35,63.29854586,0,63,a818,Naftisol,Female
m65035,m650,35,69.26574681,4,147,m650,Ketapril,Male
b87935,b879,35,64.26088633,2,71,b879,Stelasyn,Female
z57835,z578,35,38.50482444,0,10,z578,Ramicane,Male
n76335,n763,35,57.38241296,3,154,n763,Placebo,Female
y79335,y793,35,36.3278696,2,14,y793,Capomulin,Male
u36435,u364,35,35.45948978,2,12,u364,Capomulin,Male
k38235,k382,35,66.07918483,4,125,k382,Ketapril,Male
t71835,t718,35,60.46389851,3,198,t718,Placebo,Female
e58435,e584,35,58.08655989,3,93,e584,Naftisol,Male
e47635,e476,35,60.0643402,1,92,e476,Infubinol,Male
v99135,v991,35,63.89531294,4,216,v991,Propriva,Female
g55835,g558,35,60.86215883,4,106,g558,Propriva,Male
z79535,z795,35,60.43565416,2,249,z795,Naftisol,Female
i55735,i557,35,45.94194901,0,47,i557,Capomulin,Female
p43835,p438,35,57.53855546,1,173,p438,Ceftamin,Female
w16735,w167,35,68.13428817,0,219,w167,Placebo,Female
i17735,i177,35,35.1521662,1,20,i177,Ramicane,Male
a20335,a203,35,61.93165007,2,51,a203,Infubinol,Female
a64435,a644,35,35.12863083,0,19,a644,Ramicane,Female
c92735,c927,35,61.87227365,3,85,c927,Propriva,Female
j75535,j755,35,62.7328576,1,122,j755,Naftisol,Male
y26035,y260,35,59.60355821,4,240,y260,Ketapril,Female
w42235,w422,35,61.40961994,4,222,w422,Ketapril,Female
x26435,x264,35,61.29960778,4,231,x264,Naftisol,Female
g57035,g570,35,62.3304204,2,107,g570,Propriva,Male
e21335,e213,35,58.24585435,3,89,e213,Naftisol,Male
q48335,q483,35,59.25348433,1,177,q483,Ceftamin,Male
c75735,c757,35,64.29116351,2,80,c757,Placebo,Male
a41135,a411,35,39.71723589,1,35,a411,Ramicane,Male
o56235,o562,35,65.36076742,1,161,o562,Propriva,Female
a68535,a685,35,58.09262925,1,60,a685,Infubinol,Male
a89735,a897,35,64.0528731,3,64,a897,Placebo,Male
g98935,g989,35,62.57087961,2,109,g989,Propriva,Female
o33135,o331,35,70.12623754,2,159,o331,Ketapril,Male
q59735,q597,35,43.80720142,1,45,q597,Ramicane,Male
j98435,j984,35,64.05539896,1,123,j984,Stelasyn,Female
v29535,v295,35,61.89315267,3,207,v295,Naftisol,Female
q58235,q582,35,53.71315792,2,179,q582,Placebo,Male
k86235,k862,35,66.58072244,3,131,k862,Stelasyn,Female
j11935,j119,35,43.76570537,1,36,j119,Capomulin,Female
k21035,k210,35,63.32933023,1,124,k210,Ceftamin,Male
y16335,y163,35,61.73019562,2,239,y163,Infubinol,Female
a27535,a275,35,56.35353804,2,54,a275,Ceftamin,Female
w35035,w350,35,56.68355758,1,221,w350,Propriva,Male
s50835,s508,35,35.8461407,0,7,s508,Ramicane,Male
k40335,k403,35,26.54699343,1,2,k403,Ramicane,Male
a69935,a699,35,56.51068234,1,61,a699,Propriva,Female
s71035,s710,35,44.16051879,1,40,s710,Capomulin,Female
c40235,c402,35,65.8079627,2,77,c402,Stelasyn,Female
c81935,c819,35,57.72953466,1,82,c819,Ketapril,Male
x58135,x581,35,58.07758293,3,234,x581,Ceftamin,Female
c13935,c139,35,67.82141969,1,72,c139,Infubinol,Male
a26235,a262,35,66.56196302,4,53,a262,Placebo,Female
m95735,m957,35,32.56283914,1,16,m957,Capomulin,Female
b74235,b742,35,39.84757556,0,32,b742,Capomulin,Male
c75835,c758,35,37.80238546,1,17,c758,Ramicane,Male
v92335,v923,35,41.43924156,2,38,v923,Capomulin,Female
w69735,w697,35,63.68904216,3,226,w697,Stelasyn,Female
p98135,p981,35,59.13102297,1,174,p981,Stelasyn,Male
t19835,t198,35,57.73594116,3,195,t198,Propriva,Male
g79135,g791,35,30.96039194,1,6,g791,Ramicane,Male
a26240,a262,40,69.59273198,4,53,a262,Placebo,Female
a64440,a644,40,35.77945086,0,19,a644,Ramicane,Female
i33440,i334,40,40.44237037,2,27,i334,Ramicane,Female
a52040,a520,40,38.25972497,1,23,a520,Ramicane,Male
k89440,k894,40,58.64705616,4,132,k894,Zoniferol,Female
e66240,e662,40,44.00672385,2,43,e662,Ramicane,Male
n36440,n364,40,34.95473311,1,13,n364,Ramicane,Male
k40340,k403,40,24.36550471,1,2,k403,Ramicane,Male
b12840,b128,40,38.3797259,2,33,b128,Capomulin,Female
i17740,i177,40,35.55793279,2,20,i177,Ramicane,Male
c30240,c302,40,63.28107148,4,75,c302,Zoniferol,Female
s50840,s508,40,32.79817119,0,7,s508,Ramicane,Male
y47840,y478,40,65.97112017,1,241,y478,Placebo,Female
t71840,t718,40,61.5303989,3,198,t718,Placebo,Female
c28240,c282,40,65.02179944,2,74,c282,Placebo,Male
o79540,o795,40,70.26647887,4,163,o795,Placebo,Female
m54640,m546,40,35.1145752,1,9,m546,Ramicane,Male
z57840,z578,40,34.02209336,0,10,z578,Ramicane,Male
g79140,g791,40,31.36940573,1,6,g791,Ramicane,Male
c75840,c758,40,32.83318858,1,17,c758,Ramicane,Male
d25140,d251,40,38.26540379,2,29,d251,Ramicane,Female
c26440,c264,40,65.70832272,2,73,c264,Zoniferol,Female
u19640,u196,40,43.45368679,2,44,u196,Ramicane,Male
c75740,c757,40,66.60436771,2,80,c757,Placebo,Male
r81140,r811,40,36.5200329,1,25,r811,Ramicane,Male
c76640,c766,40,67.68529456,4,81,c766,Placebo,Female
e22740,e227,40,70.7152176,3,90,e227,Placebo,Male
n76340,n763,40,58.01114583,4,154,n763,Placebo,Female
f54540,f545,40,71.10811835,1,100,f545,Zoniferol,Female
r94440,r944,40,41.0420449,2,42,r944,Capomulin,Male
x77340,x773,40,55.98767551,4,236,x773,Placebo,Female
s18540,s185,40,25.47214326,1,3,s185,Capomulin,Female
a89740,a897,40,67.21174279,4,64,a897,Placebo,Male
q78740,q787,40,62.0341267,3,181,q787,Placebo,Male
a44440,a444,40,42.50492554,0,46,a444,Ramicane,Female
m60140,m601,40,31.3780453,1,5,m601,Capomulin,Male
t56540,t565,40,33.94934131,0,18,t565,Capomulin,Female
q59740,q597,40,44.47182121,2,45,q597,Ramicane,Male
j98940,j989,40,35.50119014,1,21,j989,Ramicane,Male
u32740,u327,40,60.46654541,1,203,u327,Ketapril,Male
b87940,b879,40,67.18912666,2,71,b879,Stelasyn,Female
j75540,j755,40,67.2077103,1,122,j755,Naftisol,Male
y26040,y260,40,60.91417627,4,240,y260,Ketapril,Female
g57040,g570,40,68.52585616,2,107,g570,Propriva,Male
a27540,a275,40,60.92153868,3,54,a275,Ceftamin,Female
s71040,s710,40,40.17192011,1,40,s710,Capomulin,Female
s56540,s565,40,67.22100698,2,193,s565,Stelasyn,Female
p38740,p387,40,69.03887618,1,172,p387,Stelasyn,Male
l47140,l471,40,63.84485785,1,135,l471,Ceftamin,Female
i63540,i635,40,56.84243514,3,116,i635,Propriva,Male
e47640,e476,40,61.52527583,1,92,e476,Infubinol,Male
k38240,k382,40,67.42095521,4,125,k382,Ketapril,Male
j11940,j119,40,44.5850896,1,36,j119,Capomulin,Female
i90140,i901,40,64.30345451,0,118,i901,Stelasyn,Male
a20340,a203,40,63.59349002,2,51,a203,Infubinol,Female
b74240,b742,40,38.2556274,0,32,b742,Capomulin,Male
w42240,w422,40,63.07258467,4,222,w422,Ketapril,Female
k86240,k862,40,67.57134128,4,131,k862,Stelasyn,Female
t19840,t198,40,59.12995997,4,195,t198,Propriva,Male
k21040,k210,40,66.62283628,2,124,k210,Ceftamin,Male
a69940,a699,40,58.60544816,1,61,a699,Propriva,Female
f34540,f345,40,58.3155925,1,97,f345,Infubinol,Male
v92340,v923,40,42.1510148,2,38,v923,Capomulin,Female
m55040,m550,40,68.21072019,4,146,m550,Ketapril,Male
l66140,l661,40,59.20566876,3,138,l661,Ceftamin,Male
o28740,o287,40,57.1971929,4,157,o287,Ceftamin,Male
v29540,v295,40,65.46607444,3,207,v295,Naftisol,Female
e21340,e213,40,60.23654797,3,89,e213,Naftisol,Male
w15140,w151,40,62.18795039,2,218,w151,Ceftamin,Male
p18940,p189,40,74.10609077,4,170,p189,Ketapril,Male
t72440,t724,40,69.72832559,2,199,t724,Naftisol,Female
q48340,q483,40,64.19234114,1,177,q483,Ceftamin,Male
r70140,r701,40,66.64072178,1,185,r701,Naftisol,Male
p43840,p438,40,59.30528806,1,173,p438,Ceftamin,Female
a81840,a818,40,69.27381374,1,63,a818,Naftisol,Female
x26440,x264,40,63.28328821,4,231,x264,Naftisol,Female
c92740,c927,40,64.18322918,4,85,c927,Propriva,Female
a41140,a411,40,40.25881765,1,35,a411,Ramicane,Male
j29640,j296,40,60.07268848,3,120,j296,Ceftamin,Female
a68540,a685,40,60.56790371,2,60,a685,Infubinol,Male
z79540,z795,40,62.37663884,3,249,z795,Naftisol,Female
v99140,v991,40,64.8511286,4,216,v991,Propriva,Female
h24640,h246,40,71.15083468,2,110,h246,Ketapril,Male
u36440,u364,40,36.02413752,2,12,u364,Capomulin,Male
o56240,o562,40,71.17246321,1,161,o562,Propriva,Female
m95740,m957,40,32.94761484,1,16,m957,Capomulin,Female
c81940,c819,40,62.17570465,1,82,c819,Ketapril,Male
x58140,x581,40,60.28040549,3,234,x581,Ceftamin,Female
e58440,e584,40,62.81687083,4,93,e584,Naftisol,Male
g55840,g558,40,61.77496268,4,106,g558,Propriva,Male
y79340,y793,40,31.47541076,2,14,y793,Capomulin,Male
i55740,i557,40,46.82106972,1,47,i557,Capomulin,Female
j98440,j984,40,67.77708036,1,123,j984,Stelasyn,Female
l72540,l725,40,73.69349382,3,140,l725,Naftisol,Female
g31640,g316,40,45.56582103,2,39,g316,Capomulin,Female
p13640,p136,40,61.38024887,1,169,p136,Zoniferol,Female
r60440,r604,40,60.18611531,2,184,r604,Naftisol,Male
a49240,a492,40,57.92849897,1,58,a492,Stelasyn,Male
k48340,k483,40,64.13872489,3,126,k483,Infubinol,Female
o97340,o973,40,64.48781246,2,168,o973,Ketapril,Female
j36540,j365,40,62.32717066,2,121,j365,Zoniferol,Male
d47440,d474,40,60.23373278,1,88,d474,Ketapril,Male
l50940,l509,40,40.77081259,2,41,l509,Capomulin,Male
z58140,z581,40,60.05373963,3,248,z581,Infubinol,Female
a40140,a401,40,61.76860538,4,56,a401,Zoniferol,Female
g49740,g497,40,67.74281406,2,105,g497,Ketapril,Male
x40240,x402,40,56.69172294,3,233,x402,Stelasyn,Male
y86540,y865,40,63.46954946,3,244,y865,Ceftamin,Male
q63340,q633,40,68.49863876,2,180,q633,Zoniferol,Male
z96940,z969,40,70.31490411,4,250,z969,Naftisol,Male
a25140,a251,40,63.09507565,1,52,a251,Infubinol,Female
w91440,w914,40,35.61130861,2,24,w914,Capomulin,Male
w57540,w575,40,64.93840621,3,224,w575,Zoniferol,Female
r55440,r554,40,31.80484133,3,15,r554,Capomulin,Female
i38640,i386,40,67.28962147,4,114,i386,Infubinol,Female
j91340,j913,40,31.00186078,1,11,j913,Ramicane,Female
g29640,g296,40,62.22191493,4,104,g296,Zoniferol,Female
i73840,i738,40,36.84389799,2,22,i738,Capomulin,Female
c83240,c832,40,62.57231816,2,83,c832,Ketapril,Male
c55940,c559,40,60.86184431,3,78,c559,Zoniferol,Female
x40140,x401,40,28.16739732,0,4,x401,Capomulin,Female
n30440,n304,40,59.83050667,4,149,n304,Naftisol,Male
w35040,w350,40,62.32434769,2,221,w350,Propriva,Male
m65040,m650,40,70.79706787,4,147,m650,Ketapril,Male
c40240,c402,40,70.22229679,2,77,c402,Stelasyn,Female
b55940,b559,40,69.96961645,1,69,b559,Naftisol,Male
o92640,o926,40,59.90304448,3,167,o926,Zoniferol,Male
c13940,c139,40,69.42814095,2,72,c139,Infubinol,Male
l89740,l897,40,38.34390154,1,30,l897,Capomulin,Male
x82240,x822,40,59.55568466,2,237,x822,Ceftamin,Male
l70040,l700,40,62.98667798,1,139,l700,Naftisol,Female
t45140,t451,40,67.65479599,1,196,t451,Stelasyn,Male
y16340,y163,40,63.62067958,2,239,y163,Infubinol,Female
q51140,q511,40,63.19442807,2,178,q511,Zoniferol,Female
l73340,l733,40,59.4435065,1,141,l733,Ceftamin,Female
m26940,m269,40,70.21464419,1,144,m269,Stelasyn,Female
y76940,y769,40,64.25102761,4,243,y769,Ceftamin,Female
g28840,g288,40,36.35685121,1,26,g288,Capomulin,Male
n92340,n923,40,66.22960554,3,155,n923,Ketapril,Male
a96340,a963,40,58.46378685,1,65,a963,Stelasyn,Female
o33140,o331,40,71.44774251,3,159,o331,Ketapril,Male
s33740,s337,40,56.99481589,4,192,s337,Zoniferol,Male
n36445,n364,45,31.09533505,1,13,n364,Ramicane,Male
b12845,b128,45,38.98287774,2,33,b128,Capomulin,Female
l66145,l661,45,59.85195552,3,138,l661,Ceftamin,Male
y86545,y865,45,64.72983655,3,244,y865,Ceftamin,Male
y76945,y769,45,68.59474498,4,243,y769,Ceftamin,Female
b55945,b559,45,73.05136339,1,69,b559,Naftisol,Male
t56545,t565,45,34.45529799,0,18,t565,Capomulin,Female
c28245,c282,45,65.81516535,2,74,c282,Placebo,Male
l50945,l509,45,41.48300765,3,41,l509,Capomulin,Male
j29645,j296,45,61.84902336,3,120,j296,Ceftamin,Female
a41145,a411,45,38.4076183,1,35,a411,Ramicane,Male
p18945,p189,45,75.2949359,4,170,p189,Ketapril,Male
m65045,m650,45,73.90139912,4,147,m650,Ketapril,Male
q59745,q597,45,45.22086888,2,45,q597,Ramicane,Male
g28845,g288,45,37.07402422,1,26,g288,Capomulin,Male
o33145,o331,45,78.56701362,4,159,o331,Ketapril,Male
y16345,y163,45,67.68556862,3,239,y163,Infubinol,Female
i33445,i334,45,36.37451039,2,27,i334,Ramicane,Female
c13945,c139,45,72.2267309,2,72,c139,Infubinol,Male
c83245,c832,45,65.41595451,3,83,c832,Ketapril,Male
a26245,a262,45,70.71762058,4,53,a262,Placebo,Female
z58145,z581,45,62.75445141,3,248,z581,Infubinol,Female
g49745,g497,45,69.87225079,2,105,g497,Ketapril,Male
a25145,a251,45,65.52574285,1,52,a251,Infubinol,Female
q78745,q787,45,66.09647477,3,181,q787,Placebo,Male
r55445,r554,45,32.37735684,3,15,r554,Capomulin,Female
k48345,k483,45,66.19691151,3,126,k483,Infubinol,Female
w15145,w151,45,67.52748237,3,218,w151,Ceftamin,Male
g31645,g316,45,40.1592203,2,39,g316,Capomulin,Female
m55045,m550,45,69.25350312,4,146,m550,Ketapril,Male
e22745,e227,45,73.21293851,3,90,e227,Placebo,Male
a68545,a685,45,66.08306589,3,60,a685,Infubinol,Male
s50845,s508,45,30.27623175,0,7,s508,Ramicane,Male
h24645,h246,45,74.10408567,2,110,h246,Ketapril,Male
y79345,y793,45,31.8962384,2,14,y793,Capomulin,Male
c76645,c766,45,69.82314577,4,81,c766,Placebo,Female
z57845,z578,45,30.63869575,0,10,z578,Ramicane,Male
m95745,m957,45,33.32909778,1,16,m957,Capomulin,Female
e66245,e662,45,40.65900627,2,43,e662,Ramicane,Male
e47645,e476,45,62.43540402,1,92,e476,Infubinol,Male
k38245,k382,45,73.715619,4,125,k382,Ketapril,Male
a20345,a203,45,67.97341878,2,51,a203,Infubinol,Female
w42245,w422,45,67.98953001,4,222,w422,Ketapril,Female
f34545,f345,45,60.91876652,1,97,f345,Infubinol,Male
y26045,y260,45,62.90944062,4,240,y260,Ketapril,Female
m54645,m546,45,30.56462509,1,9,m546,Ramicane,Male
a81845,a818,45,74.99776443,2,63,a818,Naftisol,Female
l47145,l471,45,67.74866174,1,135,l471,Ceftamin,Female
s33745,s337,45,62.10965102,4,192,s337,Zoniferol,Male
a96345,a963,45,62.76509317,1,65,a963,Stelasyn,Female
q51145,q511,45,68.61106075,3,178,q511,Zoniferol,Female
k40345,k403,45,22.05012627,1,2,k403,Ramicane,Male
t45145,t451,45,68.7116302,1,196,t451,Stelasyn,Male
o92645,o926,45,62.32796606,4,167,o926,Zoniferol,Male
l89745,l897,45,38.84687569,1,30,l897,Capomulin,Male
c30245,c302,45,64.57522157,4,75,c302,Zoniferol,Female
w35045,w350,45,64.95756185,2,221,w350,Propriva,Male
c40245,c402,45,74.04039018,3,77,c402,Stelasyn,Female
v92345,v923,45,40.65812366,2,38,v923,Capomulin,Female
c75845,c758,45,33.39765251,1,17,c758,Ramicane,Male
j98445,j984,45,70.65383162,1,123,j984,Stelasyn,Female
a69945,a699,45,62.19141437,1,61,a699,Propriva,Female
a89745,a897,45,72.25596306,4,64,a897,Placebo,Male
t19845,t198,45,64.91136268,4,195,t198,Propriva,Male
k86245,k862,45,69.29914907,4,131,k862,Stelasyn,Female
j98945,j989,45,36.13485243,1,21,j989,Ramicane,Male
b74245,b742,45,38.93963263,0,32,b742,Capomulin,Male
m26945,m269,45,75.12368955,1,144,m269,Stelasyn,Female
c26445,c264,45,67.94212107,2,73,c264,Zoniferol,Female
g29645,g296,45,68.16319517,4,104,g296,Zoniferol,Female
j91345,j913,45,31.56046955,1,11,j913,Ramicane,Female
w57545,w575,45,68.40128593,3,224,w575,Zoniferol,Female
k89445,k894,45,60.75270417,4,132,k894,Zoniferol,Female
a44445,a444,45,43.0475426,0,46,a444,Ramicane,Female
q63345,q633,45,70.82779631,2,180,q633,Zoniferol,Male
w91445,w914,45,36.04104736,2,24,w914,Capomulin,Male
a40145,a401,45,66.79415599,4,56,a401,Zoniferol,Female
f54545,f545,45,73.32443228,1,100,f545,Zoniferol,Female
x40245,x402,45,61.61960615,3,233,x402,Stelasyn,Male
j36545,j365,45,64.29408493,2,121,j365,Zoniferol,Male
m60145,m601,45,28.43096411,1,5,m601,Capomulin,Male
d25145,d251,45,37.31123552,2,29,d251,Ramicane,Female
a49245,a492,45,60.12201052,1,58,a492,Stelasyn,Male
x40145,x401,45,28.48403281,0,4,x401,Capomulin,Female
p13645,p136,45,63.48869678,2,169,p136,Zoniferol,Female
c55945,c559,45,61.84005842,4,78,c559,Zoniferol,Female
s18545,s185,45,23.34359787,1,3,s185,Capomulin,Female
i73845,i738,45,37.31184577,2,22,i738,Capomulin,Female
i90145,i901,45,65.34181087,0,118,i901,Stelasyn,Male
c75745,c757,45,69.04284082,3,80,c757,Placebo,Male
t72445,t724,45,75.11328801,2,199,t724,Naftisol,Female
s71045,s710,45,40.72857787,1,40,s710,Capomulin,Female
x58145,x581,45,64.63494887,3,234,x581,Ceftamin,Female
a27545,a275,45,62.99935619,3,54,a275,Ceftamin,Female
a52045,a520,45,38.81036633,1,23,a520,Ramicane,Male
k21045,k210,45,68.92318457,3,124,k210,Ceftamin,Male
j11945,j119,45,38.1251644,1,36,j119,Capomulin,Female
y47845,y478,45,66.84263453,1,241,y478,Placebo,Female
l72545,l725,45,76.66881742,3,140,l725,Naftisol,Female
x82245,x822,45,61.38666032,3,237,x822,Ceftamin,Male
l70045,l700,45,63.94664044,1,139,l700,Naftisol,Female
l73345,l733,45,64.29983003,1,141,l733,Ceftamin,Female
n30445,n304,45,63.58639514,4,149,n304,Naftisol,Male
o79545,o795,45,73.05945435,4,163,o795,Placebo,Female
u19645,u196,45,40.66771292,3,44,u196,Ramicane,Male
r60445,r604,45,62.67075904,3,184,r604,Naftisol,Male
z96945,z969,45,73.86784476,4,250,z969,Naftisol,Male
g79145,g791,45,29.12847181,1,6,g791,Ramicane,Male
i63545,i635,45,58.63340414,3,116,i635,Propriva,Male
o28745,o287,45,59.74190064,4,157,o287,Ceftamin,Male
r70145,r701,45,69.77854407,1,185,r701,Naftisol,Male
r81145,r811,45,37.22565033,1,25,r811,Ramicane,Male
u32745,u327,45,66.26880133,2,203,u327,Ketapril,Male
s56545,s565,45,72.58896447,2,193,s565,Stelasyn,Female
g57045,g570,45,70.49278763,2,107,g570,Propriva,Male
i55745,i557,45,47.68596303,1,47,i557,Capomulin,Female
a64445,a644,45,32.97852192,1,19,a644,Ramicane,Female
j75545,j755,45,69.56362076,1,122,j755,Naftisol,Male
e21345,e213,45,63.1056963,4,89,e213,Naftisol,Male
e58445,e584,45,68.3597767,4,93,e584,Naftisol,Male
t71845,t718,45,63.42369517,4,198,t718,Placebo,Female
o56245,o562,45,72.45542116,2,161,o562,Propriva,Female
i17745,i177,45,33.56240217,3,20,i177,Ramicane,Male
v99145,v991,45,70.16774899,4,216,v991,Propriva,Female
z79545,z795,45,65.74107029,3,249,z795,Naftisol,Female
r94445,r944,45,41.58152074,2,42,r944,Capomulin,Male
u36445,u364,45,31.02392294,3,12,u364,Capomulin,Male
p43845,p438,45,61.43389223,1,173,p438,Ceftamin,Female
x77345,x773,45,58.63497149,4,236,x773,Placebo,Female
b87945,b879,45,72.55523894,2,71,b879,Stelasyn,Female
